timestamp,movie_id,track_id,track_len,unique_frames,mean_det
2025-10-13 13:49:23,0,0,1,1,0.699436
2025-10-13 13:49:23,0,1,1,1,0.821168
2025-10-13 13:49:23,0,2,1,1,0.734455
2025-10-13 13:49:23,0,3,1,1,0.772656
2025-10-13 13:49:23,0,4,1,1,0.827972
2025-10-13 13:49:23,0,5,1,1,0.838585
2025-10-13 13:49:23,0,6,1,1,0.825439
2025-10-13 13:49:23,0,7,1,1,0.784945
2025-10-13 13:49:23,0,8,1,1,0.776771
2025-10-13 13:49:23,0,9,1,1,0.792561
2025-10-13 13:49:23,0,10,1,1,0.790819
2025-10-13 13:49:23,0,11,1,1,0.797763
2025-10-13 13:49:23,0,12,1,1,0.885916
2025-10-13 13:49:23,0,13,1,1,0.892839
2025-10-13 13:49:23,0,14,1,1,0.878191
2025-10-13 13:49:23,0,15,1,1,0.849981
2025-10-13 13:49:23,0,16,1,1,0.877123
2025-10-13 13:49:23,0,17,1,1,0.83827
2025-10-13 13:49:23,0,18,1,1,0.76951
2025-10-13 13:49:23,0,19,1,1,0.788031
2025-10-13 13:49:23,0,20,1,1,0.882386
2025-10-13 13:49:23,0,21,1,1,0.877244
2025-10-13 13:49:23,0,22,1,1,0.783102
2025-10-13 13:49:23,0,23,1,1,0.765231
2025-10-13 13:49:23,0,24,1,1,0.516244
2025-10-13 13:49:23,0,25,1,1,0.758604
2025-10-13 13:49:23,0,26,1,1,0.827364
2025-10-13 13:49:23,0,27,1,1,0.802001
2025-10-13 13:49:23,0,28,1,1,0.851756
2025-10-13 13:49:23,0,29,1,1,0.556398
2025-10-13 13:49:23,0,30,1,1,0.777164
2025-10-13 13:49:23,0,31,1,1,0.731458
2025-10-13 13:49:23,0,32,1,1,0.778821
2025-10-13 13:49:23,0,33,1,1,0.702477
2025-10-13 13:49:23,0,34,1,1,0.75861
2025-10-13 13:49:23,0,35,1,1,0.761668
2025-10-13 13:49:23,0,36,1,1,0.661418
2025-10-13 13:49:23,0,37,1,1,0.868883
2025-10-13 13:49:23,0,38,1,1,0.802002
2025-10-13 13:49:23,0,39,1,1,0.779361
2025-10-13 13:49:23,0,40,1,1,0.793339
2025-10-13 13:49:23,0,41,1,1,0.829347
2025-10-13 13:49:23,0,42,1,1,0.829736
2025-10-13 13:49:23,0,43,1,1,0.788788
2025-10-13 13:49:23,0,44,1,1,0.835236
2025-10-13 13:49:23,0,45,1,1,0.776892
2025-10-13 13:49:23,0,46,1,1,0.807096
2025-10-13 13:49:23,0,47,1,1,0.718451
2025-10-13 13:49:23,0,48,1,1,0.660574
2025-10-13 13:49:23,0,49,1,1,0.759816
2025-10-13 13:49:23,0,50,1,1,0.79148
2025-10-13 13:49:23,0,51,1,1,0.801797
2025-10-13 13:49:23,0,52,1,1,0.864954
2025-10-13 13:49:23,0,53,1,1,0.595107
2025-10-13 13:49:23,0,54,1,1,0.684324
2025-10-13 13:49:23,0,55,1,1,0.868298
2025-10-13 13:49:23,0,56,1,1,0.851434
2025-10-13 13:49:23,0,57,1,1,0.878265
2025-10-13 13:49:23,0,58,1,1,0.560387
2025-10-13 13:49:23,0,59,1,1,0.884007
2025-10-13 13:49:23,0,60,1,1,0.56106
2025-10-13 13:49:23,0,61,1,1,0.835391
2025-10-13 13:49:23,0,62,1,1,0.811191
2025-10-13 13:49:23,0,63,1,1,0.551805
2025-10-13 13:49:23,0,64,1,1,0.869807
2025-10-13 13:49:23,0,65,1,1,0.83522
2025-10-13 13:49:23,0,66,1,1,0.881823
2025-10-13 13:49:23,0,67,1,1,0.728135
2025-10-13 13:49:23,0,68,1,1,0.730161
2025-10-13 13:49:23,0,69,1,1,0.595751
2025-10-13 13:49:23,0,70,1,1,0.754782
2025-10-13 13:49:23,0,71,1,1,0.761118
2025-10-13 13:49:23,0,72,1,1,0.738645
2025-10-13 13:49:23,0,73,1,1,0.831955
2025-10-13 13:49:23,0,74,1,1,0.759746
2025-10-13 13:49:23,0,75,1,1,0.87193
2025-10-13 13:49:23,0,76,1,1,0.834309
2025-10-13 13:49:23,0,77,1,1,0.829209
2025-10-13 13:49:23,0,78,1,1,0.874423
2025-10-13 13:49:23,0,79,1,1,0.821133
2025-10-13 13:49:23,0,80,1,1,0.787177
2025-10-13 13:49:23,0,81,1,1,0.876742
2025-10-13 13:49:23,0,82,1,1,0.814722
2025-10-13 13:49:23,0,83,1,1,0.800426
2025-10-13 13:49:23,0,84,1,1,0.788574
2025-10-13 13:49:23,0,85,1,1,0.896359
2025-10-13 13:49:23,0,86,1,1,0.892791
2025-10-13 13:49:23,0,87,1,1,0.838127
2025-10-13 13:49:23,0,88,1,1,0.777913
2025-10-13 13:49:23,0,89,1,1,0.867258
2025-10-13 13:49:23,0,90,1,1,0.730155
2025-10-13 13:49:23,0,91,1,1,0.850705
2025-10-13 13:49:23,0,92,1,1,0.822527
2025-10-13 13:49:23,0,93,1,1,0.544992
2025-10-13 13:49:23,0,94,1,1,0.502124
2025-10-13 13:49:23,0,95,1,1,0.84733
2025-10-13 13:49:23,0,96,1,1,0.738214
2025-10-13 13:49:23,0,97,1,1,0.699204
2025-10-13 13:49:23,0,98,1,1,0.820892
2025-10-13 13:49:23,0,99,1,1,0.744796
2025-10-13 13:49:23,0,100,1,1,0.615299
2025-10-13 13:49:23,0,101,1,1,0.586362
2025-10-13 13:49:23,0,102,1,1,0.519983
2025-10-13 13:49:23,0,103,1,1,0.514318
2025-10-13 13:49:23,0,104,1,1,0.8765
2025-10-13 13:49:23,0,105,1,1,0.814875
2025-10-13 13:49:23,0,106,1,1,0.884171
2025-10-13 13:49:23,0,107,1,1,0.852106
2025-10-13 13:49:23,0,108,1,1,0.612879
2025-10-13 13:49:23,0,109,1,1,0.877771
2025-10-13 13:49:23,0,110,1,1,0.676722
2025-10-13 13:49:23,0,111,1,1,0.673715
2025-10-13 13:49:23,0,112,1,1,0.854242
2025-10-13 13:49:23,0,113,1,1,0.870915
2025-10-13 13:49:23,0,114,1,1,0.875038
2025-10-13 13:49:23,0,115,1,1,0.833693
2025-10-13 13:49:23,0,116,1,1,0.879893
2025-10-13 13:49:23,0,117,1,1,0.799259
2025-10-13 13:49:23,0,118,1,1,0.874928
2025-10-13 13:49:23,0,119,1,1,0.879582
2025-10-13 13:49:23,0,120,1,1,0.878248
2025-10-13 13:49:23,0,121,1,1,0.805278
2025-10-13 13:49:23,0,122,1,1,0.885438
2025-10-13 13:49:23,0,123,1,1,0.577046
2025-10-13 13:49:23,0,124,1,1,0.88719
2025-10-13 13:49:23,0,125,1,1,0.66226
2025-10-13 13:49:23,0,126,1,1,0.840971
2025-10-13 13:49:23,0,127,1,1,0.877133
2025-10-13 13:49:23,0,128,1,1,0.752192
2025-10-13 13:49:23,0,129,1,1,0.833415
2025-10-13 13:49:23,0,130,1,1,0.826728
2025-10-13 13:49:23,0,131,1,1,0.801228
2025-10-13 13:49:23,0,132,1,1,0.776295
2025-10-13 13:49:23,0,133,1,1,0.759527
2025-10-13 13:49:23,0,134,1,1,0.753245
2025-10-13 13:49:23,0,135,1,1,0.862686
2025-10-13 13:49:23,0,136,1,1,0.767007
2025-10-13 13:49:23,0,137,1,1,0.599498
2025-10-13 13:49:23,0,138,1,1,0.525643
2025-10-13 13:49:23,0,139,1,1,0.544242
2025-10-13 13:49:23,0,140,1,1,0.887686
2025-10-13 13:49:23,0,141,1,1,0.794064
2025-10-13 13:49:23,0,142,1,1,0.601447
2025-10-13 13:49:23,0,143,1,1,0.514076
2025-10-13 13:49:23,0,144,1,1,0.514077
2025-10-13 13:49:23,0,145,1,1,0.527156
2025-10-13 13:49:23,0,146,1,1,0.537605
2025-10-13 13:49:23,0,147,1,1,0.551258
2025-10-13 13:49:23,0,148,1,1,0.559634
2025-10-13 13:49:23,0,149,1,1,0.560184
2025-10-13 13:49:23,0,150,1,1,0.584014
2025-10-13 13:49:23,0,151,1,1,0.594959
2025-10-13 13:49:23,0,152,1,1,0.606368
2025-10-13 13:49:23,0,153,1,1,0.609911
2025-10-13 13:49:23,0,154,1,1,0.612634
2025-10-13 13:49:23,0,155,1,1,0.612966
2025-10-13 13:49:23,0,156,1,1,0.619562
2025-10-13 13:49:23,0,157,1,1,0.682586
2025-10-13 13:49:23,0,158,1,1,0.705783
2025-10-13 13:49:23,0,159,1,1,0.707476
2025-10-13 13:49:23,0,160,1,1,0.709603
2025-10-13 13:49:23,0,161,1,1,0.713851
2025-10-13 13:49:23,0,162,1,1,0.756761
2025-10-13 13:49:23,0,163,1,1,0.828741
2025-10-13 13:49:23,0,164,1,1,0.615182
2025-10-13 13:49:23,0,165,1,1,0.710504
2025-10-13 13:49:23,0,166,1,1,0.569817
2025-10-13 13:49:23,0,167,1,1,0.764482
2025-10-13 13:49:23,0,168,1,1,0.623376
2025-10-13 13:49:23,0,169,1,1,0.834613
2025-10-13 13:49:23,0,170,1,1,0.825563
2025-10-13 13:49:23,0,171,1,1,0.86412
2025-10-13 13:49:23,0,172,1,1,0.85516
2025-10-13 13:49:23,0,173,1,1,0.856032
2025-10-13 13:49:23,0,174,1,1,0.879986
2025-10-13 13:49:23,0,175,1,1,0.871731
2025-10-13 13:49:23,0,176,1,1,0.858483
2025-10-13 13:49:23,0,177,1,1,0.836679
2025-10-13 13:49:23,0,178,1,1,0.77085
2025-10-13 13:49:23,0,179,1,1,0.835491
2025-10-13 13:49:23,0,180,1,1,0.779349
2025-10-13 13:49:23,0,181,1,1,0.837761
2025-10-13 13:49:23,0,182,1,1,0.822802
2025-10-13 13:49:23,0,183,1,1,0.83398
2025-10-13 13:49:23,0,184,1,1,0.849067
2025-10-13 13:49:23,0,185,1,1,0.715435
2025-10-13 13:49:23,0,186,1,1,0.69836
2025-10-13 13:49:23,0,187,1,1,0.682456
2025-10-13 13:49:23,0,188,1,1,0.904616
2025-10-13 13:49:23,0,189,1,1,0.889015
2025-10-13 13:49:23,0,190,1,1,0.723141
2025-10-13 13:49:23,0,191,1,1,0.604594
2025-10-13 13:49:23,0,192,1,1,0.698578
2025-10-13 13:49:23,0,193,1,1,0.760531
2025-10-13 13:49:23,0,194,1,1,0.675305
2025-10-13 13:49:23,0,195,1,1,0.793208
2025-10-13 13:49:23,0,196,1,1,0.809776
2025-10-13 13:49:23,0,197,1,1,0.865411
2025-10-13 13:49:23,0,198,1,1,0.870042
2025-10-13 13:49:23,0,199,1,1,0.77438
2025-10-13 13:49:23,0,200,1,1,0.753032
2025-10-13 13:49:23,0,201,1,1,0.7339
2025-10-13 13:49:23,0,202,1,1,0.730456
2025-10-13 13:49:23,0,203,1,1,0.710948
2025-10-13 13:49:23,0,204,1,1,0.682155
2025-10-13 13:49:23,0,205,1,1,0.603862
2025-10-13 13:49:23,0,206,1,1,0.588042
2025-10-13 13:49:23,0,207,1,1,0.560081
2025-10-13 13:49:23,0,208,1,1,0.551351
2025-10-13 13:49:23,0,209,1,1,0.541673
2025-10-13 13:49:23,0,210,1,1,0.526293
2025-10-13 13:49:23,0,211,1,1,0.769753
2025-10-13 13:49:23,0,212,1,1,0.771603
2025-10-13 13:49:23,0,213,1,1,0.826828
2025-10-13 13:49:23,0,214,1,1,0.837904
2025-10-13 13:49:23,0,215,1,1,0.504013
2025-10-13 13:49:23,0,216,1,1,0.812097
2025-10-13 13:49:23,0,217,1,1,0.505611
2025-10-13 13:49:23,0,218,1,1,0.830145
2025-10-13 13:49:23,0,219,1,1,0.850607
2025-10-13 13:49:23,0,220,1,1,0.704786
2025-10-13 13:49:23,0,221,1,1,0.855562
2025-10-13 13:49:23,0,222,1,1,0.792458
2025-10-13 13:49:23,0,223,1,1,0.707419
2025-10-13 13:49:23,0,224,1,1,0.795057
2025-10-13 13:49:23,0,225,1,1,0.710523
2025-10-13 13:49:23,0,226,1,1,0.829601
2025-10-13 13:49:23,0,227,1,1,0.69836
2025-10-13 13:49:23,0,228,1,1,0.806796
2025-10-13 13:49:23,0,229,1,1,0.796131
2025-10-13 13:49:23,0,230,1,1,0.772363
2025-10-13 13:49:23,0,231,1,1,0.725737
2025-10-13 13:49:23,0,232,1,1,0.51977
2025-10-13 13:49:23,0,233,1,1,0.72407
2025-10-13 13:49:23,0,234,1,1,0.864909
2025-10-13 13:49:23,0,235,1,1,0.775798
2025-10-13 13:49:23,0,236,1,1,0.79085
2025-10-13 13:49:23,0,237,1,1,0.772202
2025-10-13 13:49:23,0,238,1,1,0.608457
2025-10-13 13:49:23,0,239,1,1,0.730082
2025-10-13 13:49:23,0,240,1,1,0.709137
2025-10-13 13:49:23,0,241,1,1,0.788542
2025-10-13 13:49:23,0,242,1,1,0.774761
2025-10-13 13:49:23,0,243,1,1,0.575891
2025-10-13 13:49:23,0,244,1,1,0.770511
2025-10-13 13:49:23,0,245,1,1,0.833808
2025-10-13 13:49:23,0,246,1,1,0.677508
2025-10-13 13:49:23,0,247,1,1,0.739814
2025-10-13 13:49:23,0,248,1,1,0.749169
2025-10-13 13:49:23,0,249,1,1,0.693797
2025-10-13 13:49:23,0,250,1,1,0.718809
2025-10-13 13:49:23,0,251,1,1,0.692047
2025-10-13 13:49:23,0,252,1,1,0.696655
2025-10-13 13:49:23,0,253,1,1,0.646071
2025-10-13 13:49:23,0,254,1,1,0.648557
2025-10-13 13:49:23,0,255,1,1,0.709013
2025-10-13 13:49:23,0,256,1,1,0.802746
2025-10-13 13:49:23,0,257,1,1,0.826553
2025-10-13 13:49:23,0,258,1,1,0.777759
2025-10-13 13:49:23,0,259,1,1,0.800335
2025-10-13 13:49:23,0,260,1,1,0.78515
2025-10-13 13:49:23,0,261,1,1,0.78152
2025-10-13 13:49:23,0,262,1,1,0.696067
2025-10-13 13:49:23,0,263,1,1,0.600881
2025-10-13 13:49:23,0,264,1,1,0.670464
2025-10-13 13:49:23,0,265,1,1,0.547943
2025-10-13 13:49:23,0,266,1,1,0.588281
2025-10-13 13:49:23,0,267,1,1,0.613948
2025-10-13 13:49:23,0,268,1,1,0.679995
2025-10-13 13:49:23,0,269,1,1,0.710883
2025-10-13 13:49:23,0,270,1,1,0.775934
2025-10-13 13:49:23,0,271,1,1,0.789507
2025-10-13 13:49:23,0,272,1,1,0.829249
2025-10-13 13:49:23,0,273,1,1,0.708262
2025-10-13 13:49:23,0,274,1,1,0.673806
2025-10-13 13:49:23,0,275,1,1,0.668309
2025-10-13 13:49:23,0,276,1,1,0.645671
2025-10-13 13:49:23,0,277,1,1,0.550491
2025-10-13 13:49:23,0,278,1,1,0.533534
2025-10-13 13:49:23,0,279,1,1,0.508775
2025-10-13 13:49:23,0,280,1,1,0.83402
2025-10-13 13:49:23,0,281,1,1,0.84292
2025-10-13 13:49:23,0,282,1,1,0.578511
2025-10-13 13:49:23,0,283,1,1,0.864985
2025-10-13 13:49:23,0,284,1,1,0.861063
2025-10-13 13:49:23,0,285,1,1,0.866478
2025-10-13 13:49:23,0,286,1,1,0.865439
2025-10-13 13:49:23,0,287,1,1,0.879524
2025-10-13 13:49:23,0,288,1,1,0.883565
2025-10-13 13:49:23,0,289,1,1,0.893573
2025-10-13 13:49:23,0,290,1,1,0.691938
2025-10-13 13:49:23,0,291,1,1,0.683058
2025-10-13 13:49:23,0,292,1,1,0.669489
2025-10-13 13:49:23,0,293,1,1,0.662303
2025-10-13 13:49:23,0,294,1,1,0.598152
2025-10-13 13:49:23,0,295,1,1,0.536512
2025-10-13 13:49:23,0,296,1,1,0.573771
2025-10-13 13:49:23,0,297,1,1,0.587222
2025-10-13 13:49:23,0,298,1,1,0.608019
2025-10-13 13:49:23,0,299,1,1,0.633178
2025-10-13 13:49:23,0,300,1,1,0.660472
2025-10-13 13:49:23,0,301,1,1,0.688113
2025-10-13 13:49:23,0,302,1,1,0.812001
2025-10-13 13:49:23,0,303,1,1,0.666808
2025-10-13 13:49:23,0,304,1,1,0.651032
2025-10-13 13:49:23,0,305,1,1,0.63361
2025-10-13 13:49:23,0,306,1,1,0.63295
2025-10-13 13:49:23,0,307,1,1,0.532628
2025-10-13 13:49:23,0,308,1,1,0.514361
2025-10-13 13:49:23,0,309,1,1,0.599888
2025-10-13 13:49:23,0,310,1,1,0.634917
2025-10-13 13:49:23,0,311,1,1,0.721515
2025-10-13 13:49:23,0,312,1,1,0.622515
2025-10-13 13:49:23,0,313,1,1,0.791805
2025-10-13 13:49:23,0,314,1,1,0.804916
2025-10-13 13:49:23,0,315,1,1,0.744968
2025-10-13 13:49:23,0,316,1,1,0.796309
2025-10-13 13:49:23,0,317,1,1,0.794378
2025-10-13 13:49:23,0,318,1,1,0.743331
2025-10-13 13:49:23,0,319,1,1,0.704276
2025-10-13 13:49:23,0,320,1,1,0.766685
2025-10-13 13:49:23,0,321,1,1,0.737242
2025-10-13 13:49:23,0,322,1,1,0.534066
2025-10-13 13:49:23,0,323,1,1,0.84755
2025-10-13 13:49:23,0,324,1,1,0.777649
2025-10-13 13:49:23,0,325,1,1,0.751636
2025-10-13 13:49:23,0,326,1,1,0.624413
2025-10-13 13:49:23,0,327,1,1,0.833068
2025-10-13 13:49:23,0,328,1,1,0.880818
2025-10-13 13:49:23,0,329,1,1,0.624128
2025-10-13 13:49:23,0,330,1,1,0.652691
2025-10-13 13:49:23,0,331,1,1,0.8499
2025-10-13 13:49:23,0,332,1,1,0.789447
2025-10-13 13:49:23,0,333,1,1,0.783321
2025-10-13 13:49:23,0,334,1,1,0.758697
2025-10-13 13:49:23,0,335,1,1,0.742295
2025-10-13 13:49:23,0,336,1,1,0.852744
2025-10-13 13:49:23,0,337,1,1,0.829194
2025-10-13 13:49:23,0,338,1,1,0.778673
2025-10-13 13:49:23,0,339,1,1,0.760511
2025-10-13 13:49:23,0,340,1,1,0.705765
2025-10-13 13:49:23,0,341,1,1,0.826962
2025-10-13 13:49:23,0,342,1,1,0.689821
2025-10-13 13:49:23,0,343,1,1,0.609627
2025-10-13 13:49:23,0,344,1,1,0.681881
2025-10-13 13:49:23,0,345,1,1,0.831335
2025-10-13 13:49:23,0,346,1,1,0.725971
2025-10-13 13:49:23,0,347,1,1,0.700035
2025-10-13 13:49:23,0,348,1,1,0.825434
2025-10-13 13:49:23,0,349,1,1,0.786762
2025-10-13 13:49:23,0,350,1,1,0.766183
2025-10-13 13:49:23,0,351,1,1,0.645005
2025-10-13 13:49:23,0,352,1,1,0.850966
2025-10-13 13:49:23,0,353,1,1,0.792649
2025-10-13 13:49:23,0,354,1,1,0.776365
2025-10-13 13:49:23,0,355,1,1,0.585779
2025-10-13 13:49:23,0,356,1,1,0.535252
2025-10-13 13:49:23,0,357,1,1,0.882388
2025-10-13 13:49:23,0,358,1,1,0.859447
2025-10-13 13:49:23,0,359,1,1,0.883786
2025-10-13 13:49:23,0,360,1,1,0.89236
2025-10-13 13:49:23,0,361,1,1,0.861524
2025-10-13 13:49:23,0,362,1,1,0.851972
2025-10-13 13:49:23,0,363,1,1,0.84835
2025-10-13 13:49:23,0,364,1,1,0.844176
2025-10-13 13:49:23,0,365,1,1,0.78751
2025-10-13 13:49:23,0,366,1,1,0.534404
2025-10-13 13:49:23,0,367,1,1,0.848512
2025-10-13 13:49:23,0,368,1,1,0.866748
2025-10-13 13:49:23,0,369,1,1,0.800624
2025-10-13 13:49:23,0,370,1,1,0.556465
2025-10-13 13:49:23,0,371,1,1,0.537308
2025-10-13 13:49:23,0,372,1,1,0.855623
2025-10-13 13:49:23,0,373,1,1,0.721827
2025-10-13 13:49:23,0,374,1,1,0.562393
2025-10-13 13:49:23,0,375,1,1,0.595625
2025-10-13 13:49:23,0,376,1,1,0.875163
2025-10-13 13:49:23,0,377,1,1,0.731306
2025-10-13 13:49:23,0,378,1,1,0.834759
2025-10-13 13:49:23,0,379,1,1,0.72711
2025-10-13 13:49:23,0,380,1,1,0.554063
2025-10-13 13:49:23,0,381,1,1,0.794141
2025-10-13 13:49:23,0,382,1,1,0.695397
2025-10-13 13:49:23,0,383,1,1,0.508401
2025-10-13 13:49:23,0,384,1,1,0.508477
2025-10-13 13:49:23,0,385,1,1,0.693651
2025-10-13 13:49:23,0,386,1,1,0.619523
2025-10-13 13:49:23,0,387,1,1,0.685295
2025-10-13 13:49:23,0,388,1,1,0.582334
2025-10-13 13:49:23,0,389,1,1,0.717035
2025-10-13 13:49:23,0,390,1,1,0.684095
2025-10-13 13:49:23,0,391,1,1,0.638902
2025-10-13 13:49:23,0,392,1,1,0.616136
2025-10-13 13:49:23,0,393,1,1,0.583089
2025-10-13 13:49:23,0,394,1,1,0.801752
2025-10-13 13:49:23,0,395,1,1,0.667459
2025-10-13 13:49:23,0,396,1,1,0.58589
2025-10-13 13:49:23,0,397,1,1,0.581227
2025-10-13 13:49:23,0,398,1,1,0.563085
2025-10-13 13:49:23,0,399,1,1,0.866527
2025-10-13 13:49:23,0,400,1,1,0.823039
2025-10-13 13:49:23,0,401,1,1,0.700152
2025-10-13 13:49:23,0,402,1,1,0.745021
2025-10-13 13:49:23,0,403,1,1,0.748926
2025-10-13 13:49:23,0,404,1,1,0.660532
2025-10-13 13:49:23,0,405,1,1,0.894101
2025-10-13 13:49:23,0,406,1,1,0.85518
2025-10-13 13:49:23,0,407,1,1,0.887213
2025-10-13 13:49:23,0,408,1,1,0.878415
2025-10-13 13:49:23,0,409,1,1,0.864387
2025-10-13 13:49:23,0,410,1,1,0.733513
2025-10-13 13:49:23,0,411,1,1,0.755402
2025-10-13 13:49:23,0,412,1,1,0.530313
2025-10-13 13:49:23,0,413,1,1,0.613636
2025-10-13 13:49:23,0,414,1,1,0.718575
2025-10-13 13:49:23,0,415,1,1,0.667976
2025-10-13 13:49:23,0,416,1,1,0.745956
2025-10-13 13:49:23,0,417,1,1,0.852069
2025-10-13 13:49:23,0,418,1,1,0.847814
2025-10-13 13:49:23,0,419,1,1,0.843552
2025-10-13 13:49:23,0,420,1,1,0.837908
2025-10-13 13:49:23,0,421,1,1,0.879704
2025-10-13 13:49:23,0,422,1,1,0.854471
2025-10-13 13:49:23,0,423,1,1,0.867518
2025-10-13 13:49:23,0,424,1,1,0.846975
2025-10-13 13:49:23,0,425,1,1,0.905266
2025-10-13 13:49:23,0,426,1,1,0.869219
2025-10-13 13:49:23,0,427,1,1,0.866019
2025-10-13 13:49:23,0,428,1,1,0.891349
2025-10-13 13:49:23,0,429,1,1,0.889499
2025-10-13 13:49:23,0,430,1,1,0.901098
2025-10-13 13:49:23,0,431,1,1,0.904902
2025-10-13 13:49:23,0,432,1,1,0.881124
2025-10-13 13:49:23,0,433,1,1,0.847915
2025-10-13 13:49:23,0,434,1,1,0.903182
2025-10-13 13:49:23,0,435,1,1,0.878054
2025-10-13 13:49:23,0,436,1,1,0.845841
2025-10-13 13:49:23,0,437,1,1,0.900155
2025-10-13 13:49:23,0,438,1,1,0.882044
2025-10-13 13:49:23,0,439,1,1,0.875411
2025-10-13 13:49:23,0,440,1,1,0.85829
2025-10-13 13:49:23,0,441,1,1,0.893918
2025-10-13 13:49:23,0,442,1,1,0.868128
2025-10-13 13:49:23,0,443,1,1,0.869171
2025-10-13 13:49:23,0,444,1,1,0.897076
2025-10-13 13:49:23,0,445,1,1,0.880119
2025-10-13 13:49:23,0,446,1,1,0.899253
2025-10-13 13:49:23,0,447,1,1,0.882969
2025-10-13 13:49:23,0,448,1,1,0.873319
2025-10-13 13:49:23,0,449,1,1,0.897145
2025-10-13 13:49:23,0,450,1,1,0.875611
2025-10-13 13:49:23,0,451,1,1,0.872977
2025-10-13 13:49:23,0,452,1,1,0.857868
2025-10-13 13:49:23,0,453,1,1,0.908035
2025-10-13 13:49:23,0,454,1,1,0.852856
2025-10-13 13:49:23,0,455,1,1,0.857824
2025-10-13 13:49:23,0,456,1,1,0.894923
2025-10-13 13:49:23,0,457,1,1,0.854808
2025-10-13 14:00:43,0,0,1,1,0.878191
2025-10-13 14:00:43,0,1,1,1,0.877123
2025-10-13 14:00:43,0,2,1,1,0.793339
2025-10-13 14:00:43,0,3,1,1,0.718451
2025-10-13 14:00:43,0,4,1,1,0.79148
2025-10-13 14:00:43,0,5,1,1,0.801797
2025-10-13 14:00:43,0,6,1,1,0.788574
2025-10-13 14:00:43,0,7,1,1,0.850705
2025-10-13 14:00:43,0,8,1,1,0.822527
2025-10-13 14:00:43,0,9,1,1,0.738214
2025-10-13 14:00:43,0,10,1,1,0.699204
2025-10-13 14:00:43,0,11,1,1,0.879893
2025-10-13 14:00:43,0,12,1,1,0.612966
2025-10-13 14:00:43,0,13,1,1,0.559634
2025-10-13 14:00:43,0,14,1,1,0.77085
2025-10-13 14:00:43,0,15,1,1,0.809776
2025-10-13 14:00:43,0,16,1,1,0.560081
2025-10-13 14:00:43,0,17,1,1,0.812097
2025-10-13 14:00:43,0,18,1,1,0.730082
2025-10-13 14:00:43,0,19,1,1,0.718809
2025-10-13 14:00:43,0,20,1,1,0.826553
2025-10-13 14:00:43,0,21,1,1,0.802746
2025-10-13 14:00:43,0,22,1,1,0.78515
2025-10-13 14:00:43,0,23,1,1,0.829249
2025-10-13 14:00:43,0,24,1,1,0.668309
2025-10-13 14:00:43,0,25,1,1,0.645671
2025-10-13 14:00:43,0,26,1,1,0.883565
2025-10-13 14:00:43,0,27,1,1,0.865439
2025-10-13 14:00:43,0,28,1,1,0.587222
2025-10-13 14:00:43,0,29,1,1,0.633178
2025-10-13 14:00:43,0,30,1,1,0.609627
2025-10-13 14:00:43,0,31,1,1,0.855623
2025-10-13 14:00:43,0,32,1,1,0.875163
2025-10-13 14:00:43,0,33,1,1,0.582334
2025-10-13 14:00:43,0,34,1,1,0.616136
2025-10-13 14:00:43,0,35,1,1,0.866527
2025-10-13 14:00:43,0,36,1,1,0.745021
2025-10-13 14:00:43,0,37,1,1,0.748926
2025-10-13 14:00:43,0,38,1,1,0.894101
2025-10-13 14:00:43,0,39,1,1,0.85518
2025-10-13 14:01:45,0,0,1,1,0.699436
2025-10-13 14:01:45,0,1,1,1,0.772656
2025-10-13 14:01:45,0,2,1,1,0.825439
2025-10-13 14:01:45,0,3,1,1,0.892839
2025-10-13 14:01:45,0,4,1,1,0.878191
2025-10-13 14:01:45,0,5,1,1,0.849981
2025-10-13 14:01:45,0,6,1,1,0.877123
2025-10-13 14:01:45,0,7,1,1,0.788031
2025-10-13 14:01:45,0,8,1,1,0.516244
2025-10-13 14:01:45,0,9,1,1,0.851756
2025-10-13 14:01:45,0,10,1,1,0.802001
2025-10-13 14:01:45,0,11,1,1,0.731458
2025-10-13 14:01:45,0,12,1,1,0.75861
2025-10-13 14:01:45,0,13,1,1,0.661418
2025-10-13 14:01:45,0,14,1,1,0.793339
2025-10-13 14:01:45,0,15,1,1,0.788788
2025-10-13 14:01:45,0,16,1,1,0.718451
2025-10-13 14:01:45,0,17,1,1,0.79148
2025-10-13 14:01:45,0,18,1,1,0.801797
2025-10-13 14:01:45,0,19,1,1,0.868298
2025-10-13 14:01:45,0,20,1,1,0.811191
2025-10-13 14:01:45,0,21,1,1,0.869807
2025-10-13 14:01:45,0,22,1,1,0.881823
2025-10-13 14:01:45,0,23,1,1,0.831955
2025-10-13 14:01:45,0,24,1,1,0.788574
2025-10-13 14:01:45,0,25,1,1,0.850705
2025-10-13 14:01:45,0,26,1,1,0.822527
2025-10-13 14:01:45,0,27,1,1,0.738214
2025-10-13 14:01:45,0,28,1,1,0.699204
2025-10-13 14:01:45,0,29,1,1,0.519983
2025-10-13 14:01:45,0,30,1,1,0.8765
2025-10-13 14:01:45,0,31,1,1,0.884171
2025-10-13 14:01:45,0,32,1,1,0.875038
2025-10-13 14:01:45,0,33,1,1,0.879893
2025-10-13 14:01:45,0,34,1,1,0.874928
2025-10-13 14:01:45,0,35,1,1,0.840971
2025-10-13 14:01:45,0,36,1,1,0.753245
2025-10-13 14:01:45,0,37,1,1,0.559634
2025-10-13 14:01:45,0,38,1,1,0.612634
2025-10-13 14:01:45,0,39,1,1,0.594959
2025-10-13 14:01:45,0,40,1,1,0.707476
2025-10-13 14:01:45,0,41,1,1,0.612966
2025-10-13 14:01:45,0,42,1,1,0.825563
2025-10-13 14:01:45,0,43,1,1,0.623376
2025-10-13 14:01:45,0,44,1,1,0.858483
2025-10-13 14:01:45,0,45,1,1,0.77085
2025-10-13 14:01:45,0,46,1,1,0.822802
2025-10-13 14:01:45,0,47,1,1,0.83398
2025-10-13 14:01:45,0,48,1,1,0.849067
2025-10-13 14:01:45,0,49,1,1,0.809776
2025-10-13 14:01:45,0,50,1,1,0.675305
2025-10-13 14:01:45,0,51,1,1,0.560081
2025-10-13 14:01:45,0,52,1,1,0.588042
2025-10-13 14:01:45,0,53,1,1,0.812097
2025-10-13 14:01:45,0,54,1,1,0.69836
2025-10-13 14:01:45,0,55,1,1,0.774761
2025-10-13 14:01:45,0,56,1,1,0.730082
2025-10-13 14:01:45,0,57,1,1,0.718809
2025-10-13 14:01:45,0,58,1,1,0.826553
2025-10-13 14:01:45,0,59,1,1,0.802746
2025-10-13 14:01:45,0,60,1,1,0.777759
2025-10-13 14:01:45,0,61,1,1,0.78515
2025-10-13 14:01:45,0,62,1,1,0.829249
2025-10-13 14:01:45,0,63,1,1,0.668309
2025-10-13 14:01:45,0,64,1,1,0.645671
2025-10-13 14:01:45,0,65,1,1,0.83402
2025-10-13 14:01:45,0,66,1,1,0.861063
2025-10-13 14:01:45,0,67,1,1,0.864985
2025-10-13 14:01:45,0,68,1,1,0.865439
2025-10-13 14:01:45,0,69,1,1,0.883565
2025-10-13 14:01:45,0,70,1,1,0.662303
2025-10-13 14:01:45,0,71,1,1,0.633178
2025-10-13 14:01:45,0,72,1,1,0.587222
2025-10-13 14:01:45,0,73,1,1,0.536512
2025-10-13 14:01:45,0,74,1,1,0.812001
2025-10-13 14:01:45,0,75,1,1,0.63361
2025-10-13 14:01:45,0,76,1,1,0.743331
2025-10-13 14:01:45,0,77,1,1,0.766685
2025-10-13 14:01:45,0,78,1,1,0.880818
2025-10-13 14:01:45,0,79,1,1,0.609627
2025-10-13 14:01:45,0,80,1,1,0.882388
2025-10-13 14:01:45,0,81,1,1,0.883786
2025-10-13 14:01:45,0,82,1,1,0.861524
2025-10-13 14:01:45,0,83,1,1,0.851972
2025-10-13 14:01:45,0,84,1,1,0.844176
2025-10-13 14:01:45,0,85,1,1,0.800624
2025-10-13 14:01:45,0,86,1,1,0.855623
2025-10-13 14:01:45,0,87,1,1,0.875163
2025-10-13 14:01:45,0,88,1,1,0.834759
2025-10-13 14:01:45,0,89,1,1,0.794141
2025-10-13 14:01:45,0,90,1,1,0.693651
2025-10-13 14:01:45,0,91,1,1,0.508477
2025-10-13 14:01:45,0,92,1,1,0.685295
2025-10-13 14:01:45,0,93,1,1,0.582334
2025-10-13 14:01:45,0,94,1,1,0.616136
2025-10-13 14:01:45,0,95,1,1,0.58589
2025-10-13 14:01:45,0,96,1,1,0.866527
2025-10-13 14:01:45,0,97,1,1,0.823039
2025-10-13 14:01:45,0,98,1,1,0.745021
2025-10-13 14:01:45,0,99,1,1,0.748926
2025-10-13 14:01:45,0,100,1,1,0.894101
2025-10-13 14:01:45,0,101,1,1,0.85518
2025-10-13 14:01:45,0,102,1,1,0.878415
2025-10-13 14:01:45,0,103,1,1,0.864387
2025-10-13 14:01:45,0,104,1,1,0.613636
2025-10-13 14:01:45,0,105,1,1,0.852069
2025-10-13 14:01:45,0,106,1,1,0.900155
2025-10-13 14:01:45,0,107,1,1,0.852856
2025-10-13 14:01:45,0,108,1,1,0.854808
2025-10-13 14:03:48,0,0,1,1,0.699436
2025-10-13 14:03:48,0,1,1,1,0.772656
2025-10-13 14:03:48,0,2,1,1,0.827972
2025-10-13 14:03:48,0,3,1,1,0.825439
2025-10-13 14:03:48,0,4,1,1,0.892839
2025-10-13 14:03:48,0,5,1,1,0.878191
2025-10-13 14:03:48,0,6,1,1,0.849981
2025-10-13 14:03:48,0,7,1,1,0.877123
2025-10-13 14:03:48,0,8,1,1,0.76951
2025-10-13 14:03:48,0,9,1,1,0.788031
2025-10-13 14:03:48,0,10,1,1,0.516244
2025-10-13 14:03:48,0,11,1,1,0.851756
2025-10-13 14:03:48,0,12,1,1,0.802001
2025-10-13 14:03:48,0,13,1,1,0.731458
2025-10-13 14:03:48,0,14,1,1,0.75861
2025-10-13 14:03:48,0,15,1,1,0.761668
2025-10-13 14:03:48,0,16,1,1,0.661418
2025-10-13 14:03:48,0,17,1,1,0.802002
2025-10-13 14:03:48,0,18,1,1,0.779361
2025-10-13 14:03:48,0,19,1,1,0.793339
2025-10-13 14:03:48,0,20,1,1,0.788788
2025-10-13 14:03:48,0,21,1,1,0.718451
2025-10-13 14:03:48,0,22,1,1,0.79148
2025-10-13 14:03:48,0,23,1,1,0.801797
2025-10-13 14:03:48,0,24,1,1,0.868298
2025-10-13 14:03:48,0,25,1,1,0.811191
2025-10-13 14:03:48,0,26,1,1,0.869807
2025-10-13 14:03:48,0,27,1,1,0.881823
2025-10-13 14:03:48,0,28,1,1,0.831955
2025-10-13 14:03:48,0,29,1,1,0.87193
2025-10-13 14:03:48,0,30,1,1,0.874423
2025-10-13 14:03:48,0,31,1,1,0.788574
2025-10-13 14:03:48,0,32,1,1,0.850705
2025-10-13 14:03:48,0,33,1,1,0.822527
2025-10-13 14:03:48,0,34,1,1,0.738214
2025-10-13 14:03:48,0,35,1,1,0.699204
2025-10-13 14:03:48,0,36,1,1,0.519983
2025-10-13 14:03:48,0,37,1,1,0.8765
2025-10-13 14:03:48,0,38,1,1,0.884171
2025-10-13 14:03:48,0,39,1,1,0.875038
2025-10-13 14:03:48,0,40,1,1,0.879893
2025-10-13 14:03:48,0,41,1,1,0.874928
2025-10-13 14:03:48,0,42,1,1,0.840971
2025-10-13 14:03:48,0,43,1,1,0.753245
2025-10-13 14:03:48,0,44,1,1,0.551258
2025-10-13 14:03:48,0,45,1,1,0.594959
2025-10-13 14:03:48,0,46,1,1,0.559634
2025-10-13 14:03:48,0,47,1,1,0.612966
2025-10-13 14:03:48,0,48,1,1,0.612634
2025-10-13 14:03:48,0,49,1,1,0.707476
2025-10-13 14:03:48,0,50,1,1,0.828741
2025-10-13 14:03:48,0,51,1,1,0.825563
2025-10-13 14:03:48,0,52,1,1,0.623376
2025-10-13 14:03:48,0,53,1,1,0.858483
2025-10-13 14:03:48,0,54,1,1,0.77085
2025-10-13 14:03:48,0,55,1,1,0.822802
2025-10-13 14:03:48,0,56,1,1,0.83398
2025-10-13 14:03:48,0,57,1,1,0.849067
2025-10-13 14:03:48,0,58,1,1,0.809776
2025-10-13 14:03:48,0,59,1,1,0.675305
2025-10-13 14:03:48,0,60,1,1,0.588042
2025-10-13 14:03:48,0,61,1,1,0.560081
2025-10-13 14:03:48,0,62,1,1,0.812097
2025-10-13 14:03:48,0,63,1,1,0.69836
2025-10-13 14:03:48,0,64,1,1,0.730082
2025-10-13 14:03:48,0,65,1,1,0.774761
2025-10-13 14:03:48,0,66,1,1,0.718809
2025-10-13 14:03:48,0,67,1,1,0.826553
2025-10-13 14:03:48,0,68,1,1,0.802746
2025-10-13 14:03:48,0,69,1,1,0.777759
2025-10-13 14:03:48,0,70,1,1,0.78515
2025-10-13 14:03:48,0,71,1,1,0.829249
2025-10-13 14:03:48,0,72,1,1,0.668309
2025-10-13 14:03:48,0,73,1,1,0.645671
2025-10-13 14:03:48,0,74,1,1,0.883565
2025-10-13 14:03:48,0,75,1,1,0.865439
2025-10-13 14:03:48,0,76,1,1,0.864985
2025-10-13 14:03:48,0,77,1,1,0.861063
2025-10-13 14:03:48,0,78,1,1,0.83402
2025-10-13 14:03:48,0,79,1,1,0.662303
2025-10-13 14:03:48,0,80,1,1,0.536512
2025-10-13 14:03:48,0,81,1,1,0.587222
2025-10-13 14:03:48,0,82,1,1,0.633178
2025-10-13 14:03:48,0,83,1,1,0.812001
2025-10-13 14:03:48,0,84,1,1,0.63361
2025-10-13 14:03:48,0,85,1,1,0.744968
2025-10-13 14:03:48,0,86,1,1,0.743331
2025-10-13 14:03:48,0,87,1,1,0.766685
2025-10-13 14:03:48,0,88,1,1,0.534066
2025-10-13 14:03:48,0,89,1,1,0.880818
2025-10-13 14:03:48,0,90,1,1,0.609627
2025-10-13 14:03:48,0,91,1,1,0.882388
2025-10-13 14:03:48,0,92,1,1,0.883786
2025-10-13 14:03:48,0,93,1,1,0.861524
2025-10-13 14:03:48,0,94,1,1,0.851972
2025-10-13 14:03:48,0,95,1,1,0.844176
2025-10-13 14:03:48,0,96,1,1,0.848512
2025-10-13 14:03:48,0,97,1,1,0.800624
2025-10-13 14:03:48,0,98,1,1,0.855623
2025-10-13 14:03:48,0,99,1,1,0.875163
2025-10-13 14:03:48,0,100,1,1,0.834759
2025-10-13 14:03:48,0,101,1,1,0.794141
2025-10-13 14:03:48,0,102,1,1,0.693651
2025-10-13 14:03:48,0,103,1,1,0.508477
2025-10-13 14:03:48,0,104,1,1,0.685295
2025-10-13 14:03:48,0,105,1,1,0.582334
2025-10-13 14:03:48,0,106,1,1,0.616136
2025-10-13 14:03:48,0,107,1,1,0.58589
2025-10-13 14:03:48,0,108,1,1,0.866527
2025-10-13 14:03:48,0,109,1,1,0.823039
2025-10-13 14:03:48,0,110,1,1,0.745021
2025-10-13 14:03:48,0,111,1,1,0.748926
2025-10-13 14:03:48,0,112,1,1,0.894101
2025-10-13 14:03:48,0,113,1,1,0.85518
2025-10-13 14:03:48,0,114,1,1,0.887213
2025-10-13 14:03:48,0,115,1,1,0.878415
2025-10-13 14:03:48,0,116,1,1,0.864387
2025-10-13 14:03:48,0,117,1,1,0.613636
2025-10-13 14:03:48,0,118,1,1,0.852069
2025-10-13 14:03:48,0,119,1,1,0.901098
2025-10-13 14:03:48,0,120,1,1,0.904902
2025-10-13 14:03:48,0,121,1,1,0.903182
2025-10-13 14:03:48,0,122,1,1,0.900155
2025-10-13 14:03:48,0,123,1,1,0.893918
2025-10-13 14:03:48,0,124,1,1,0.897076
2025-10-13 14:03:48,0,125,1,1,0.897145
2025-10-13 14:03:48,0,126,1,1,0.852856
2025-10-13 14:03:48,0,127,1,1,0.894923
2025-10-13 14:03:48,0,128,1,1,0.854808
2025-10-13 14:04:53,0,0,1,1,0.699436
2025-10-13 14:04:53,0,1,1,1,0.821168
2025-10-13 14:04:53,0,2,1,1,0.772656
2025-10-13 14:04:53,0,3,1,1,0.827972
2025-10-13 14:04:53,0,4,1,1,0.825439
2025-10-13 14:04:53,0,5,1,1,0.892839
2025-10-13 14:04:53,0,6,1,1,0.878191
2025-10-13 14:04:53,0,7,1,1,0.849981
2025-10-13 14:04:53,0,8,1,1,0.877123
2025-10-13 14:04:53,0,9,1,1,0.76951
2025-10-13 14:04:53,0,10,1,1,0.788031
2025-10-13 14:04:53,0,11,1,1,0.516244
2025-10-13 14:04:53,0,12,1,1,0.851756
2025-10-13 14:04:53,0,13,1,1,0.802001
2025-10-13 14:04:53,0,14,1,1,0.777164
2025-10-13 14:04:53,0,15,1,1,0.731458
2025-10-13 14:04:53,0,16,1,1,0.75861
2025-10-13 14:04:53,0,17,1,1,0.761668
2025-10-13 14:04:53,0,18,1,1,0.661418
2025-10-13 14:04:53,0,19,1,1,0.802002
2025-10-13 14:04:53,0,20,1,1,0.779361
2025-10-13 14:04:53,0,21,1,1,0.793339
2025-10-13 14:04:53,0,22,1,1,0.788788
2025-10-13 14:04:53,0,23,1,1,0.718451
2025-10-13 14:04:53,0,24,1,1,0.79148
2025-10-13 14:04:53,0,25,1,1,0.801797
2025-10-13 14:04:53,0,26,1,1,0.868298
2025-10-13 14:04:53,0,27,1,1,0.811191
2025-10-13 14:04:53,0,28,1,1,0.869807
2025-10-13 14:04:53,0,29,1,1,0.881823
2025-10-13 14:04:53,0,30,1,1,0.831955
2025-10-13 14:04:53,0,31,1,1,0.87193
2025-10-13 14:04:53,0,32,1,1,0.874423
2025-10-13 14:04:53,0,33,1,1,0.876742
2025-10-13 14:04:53,0,34,1,1,0.788574
2025-10-13 14:04:53,0,35,1,1,0.850705
2025-10-13 14:04:53,0,36,1,1,0.822527
2025-10-13 14:04:53,0,37,1,1,0.738214
2025-10-13 14:04:53,0,38,1,1,0.699204
2025-10-13 14:04:53,0,39,1,1,0.519983
2025-10-13 14:04:53,0,40,1,1,0.8765
2025-10-13 14:04:53,0,41,1,1,0.884171
2025-10-13 14:04:53,0,42,1,1,0.875038
2025-10-13 14:04:53,0,43,1,1,0.879893
2025-10-13 14:04:53,0,44,1,1,0.874928
2025-10-13 14:04:53,0,45,1,1,0.878248
2025-10-13 14:04:53,0,46,1,1,0.877133
2025-10-13 14:04:53,0,47,1,1,0.840971
2025-10-13 14:04:53,0,48,1,1,0.753245
2025-10-13 14:04:53,0,49,1,1,0.551258
2025-10-13 14:04:53,0,50,1,1,0.559634
2025-10-13 14:04:53,0,51,1,1,0.594959
2025-10-13 14:04:53,0,52,1,1,0.612634
2025-10-13 14:04:53,0,53,1,1,0.612966
2025-10-13 14:04:53,0,54,1,1,0.707476
2025-10-13 14:04:53,0,55,1,1,0.828741
2025-10-13 14:04:53,0,56,1,1,0.825563
2025-10-13 14:04:53,0,57,1,1,0.623376
2025-10-13 14:04:53,0,58,1,1,0.858483
2025-10-13 14:04:53,0,59,1,1,0.77085
2025-10-13 14:04:53,0,60,1,1,0.822802
2025-10-13 14:04:53,0,61,1,1,0.83398
2025-10-13 14:04:53,0,62,1,1,0.849067
2025-10-13 14:04:53,0,63,1,1,0.809776
2025-10-13 14:04:53,0,64,1,1,0.675305
2025-10-13 14:04:53,0,65,1,1,0.588042
2025-10-13 14:04:53,0,66,1,1,0.560081
2025-10-13 14:04:53,0,67,1,1,0.812097
2025-10-13 14:04:53,0,68,1,1,0.69836
2025-10-13 14:04:53,0,69,1,1,0.730082
2025-10-13 14:04:53,0,70,1,1,0.774761
2025-10-13 14:04:53,0,71,1,1,0.718809
2025-10-13 14:04:53,0,72,1,1,0.826553
2025-10-13 14:04:53,0,73,1,1,0.802746
2025-10-13 14:04:53,0,74,1,1,0.777759
2025-10-13 14:04:53,0,75,1,1,0.78515
2025-10-13 14:04:53,0,76,1,1,0.829249
2025-10-13 14:04:53,0,77,1,1,0.668309
2025-10-13 14:04:53,0,78,1,1,0.645671
2025-10-13 14:04:53,0,79,1,1,0.883565
2025-10-13 14:04:53,0,80,1,1,0.865439
2025-10-13 14:04:53,0,81,1,1,0.864985
2025-10-13 14:04:53,0,82,1,1,0.861063
2025-10-13 14:04:53,0,83,1,1,0.83402
2025-10-13 14:04:53,0,84,1,1,0.662303
2025-10-13 14:04:53,0,85,1,1,0.587222
2025-10-13 14:04:53,0,86,1,1,0.536512
2025-10-13 14:04:53,0,87,1,1,0.633178
2025-10-13 14:04:53,0,88,1,1,0.812001
2025-10-13 14:04:53,0,89,1,1,0.63361
2025-10-13 14:04:53,0,90,1,1,0.744968
2025-10-13 14:04:53,0,91,1,1,0.794378
2025-10-13 14:04:53,0,92,1,1,0.743331
2025-10-13 14:04:53,0,93,1,1,0.766685
2025-10-13 14:04:53,0,94,1,1,0.534066
2025-10-13 14:04:53,0,95,1,1,0.880818
2025-10-13 14:04:53,0,96,1,1,0.609627
2025-10-13 14:04:53,0,97,1,1,0.882388
2025-10-13 14:04:53,0,98,1,1,0.883786
2025-10-13 14:04:53,0,99,1,1,0.861524
2025-10-13 14:04:53,0,100,1,1,0.851972
2025-10-13 14:04:53,0,101,1,1,0.84835
2025-10-13 14:04:53,0,102,1,1,0.844176
2025-10-13 14:04:53,0,103,1,1,0.848512
2025-10-13 14:04:53,0,104,1,1,0.866748
2025-10-13 14:04:53,0,105,1,1,0.800624
2025-10-13 14:04:53,0,106,1,1,0.855623
2025-10-13 14:04:53,0,107,1,1,0.875163
2025-10-13 14:04:53,0,108,1,1,0.834759
2025-10-13 14:04:53,0,109,1,1,0.794141
2025-10-13 14:04:53,0,110,1,1,0.693651
2025-10-13 14:04:53,0,111,1,1,0.508477
2025-10-13 14:04:53,0,112,1,1,0.685295
2025-10-13 14:04:53,0,113,1,1,0.582334
2025-10-13 14:04:53,0,114,1,1,0.616136
2025-10-13 14:04:53,0,115,1,1,0.58589
2025-10-13 14:04:53,0,116,1,1,0.866527
2025-10-13 14:04:53,0,117,1,1,0.823039
2025-10-13 14:04:53,0,118,1,1,0.745021
2025-10-13 14:04:53,0,119,1,1,0.748926
2025-10-13 14:04:53,0,120,1,1,0.894101
2025-10-13 14:04:53,0,121,1,1,0.85518
2025-10-13 14:04:53,0,122,1,1,0.887213
2025-10-13 14:04:53,0,123,1,1,0.878415
2025-10-13 14:04:53,0,124,1,1,0.864387
2025-10-13 14:04:53,0,125,1,1,0.613636
2025-10-13 14:04:53,0,126,1,1,0.718575
2025-10-13 14:04:53,0,127,1,1,0.667976
2025-10-13 14:04:53,0,128,1,1,0.745956
2025-10-13 14:04:53,0,129,1,1,0.852069
2025-10-13 14:04:53,0,130,1,1,0.905266
2025-10-13 14:04:53,0,131,1,1,0.901098
2025-10-13 14:04:53,0,132,1,1,0.904902
2025-10-13 14:04:53,0,133,1,1,0.903182
2025-10-13 14:04:53,0,134,1,1,0.900155
2025-10-13 14:04:53,0,135,1,1,0.893918
2025-10-13 14:04:53,0,136,1,1,0.897076
2025-10-13 14:04:53,0,137,1,1,0.899253
2025-10-13 14:04:53,0,138,1,1,0.897145
2025-10-13 14:04:53,0,139,1,1,0.852856
2025-10-13 14:04:53,0,140,1,1,0.894923
2025-10-13 14:04:53,0,141,1,1,0.854808
2025-10-13 14:08:30,0,0,1,1,0.699436
2025-10-13 14:08:30,0,1,1,1,0.821168
2025-10-13 14:08:30,0,2,1,1,0.772656
2025-10-13 14:08:30,0,3,1,1,0.827972
2025-10-13 14:08:30,0,4,1,1,0.825439
2025-10-13 14:08:30,0,5,1,1,0.892839
2025-10-13 14:08:30,0,6,1,1,0.878191
2025-10-13 14:08:30,0,7,1,1,0.849981
2025-10-13 14:08:30,0,8,1,1,0.877123
2025-10-13 14:08:30,0,9,1,1,0.76951
2025-10-13 14:08:30,0,10,1,1,0.788031
2025-10-13 14:08:30,0,11,1,1,0.516244
2025-10-13 14:08:30,0,12,1,1,0.851756
2025-10-13 14:08:30,0,13,1,1,0.802001
2025-10-13 14:08:30,0,14,1,1,0.777164
2025-10-13 14:08:30,0,15,1,1,0.731458
2025-10-13 14:08:30,0,16,1,1,0.75861
2025-10-13 14:08:30,0,17,1,1,0.761668
2025-10-13 14:08:30,0,18,1,1,0.661418
2025-10-13 14:08:30,0,19,1,1,0.802002
2025-10-13 14:08:30,0,20,1,1,0.779361
2025-10-13 14:08:30,0,21,1,1,0.793339
2025-10-13 14:08:30,0,22,1,1,0.788788
2025-10-13 14:08:30,0,23,1,1,0.718451
2025-10-13 14:08:30,0,24,1,1,0.79148
2025-10-13 14:08:30,0,25,1,1,0.801797
2025-10-13 14:08:30,0,26,1,1,0.868298
2025-10-13 14:08:30,0,27,1,1,0.811191
2025-10-13 14:08:30,0,28,1,1,0.869807
2025-10-13 14:08:30,0,29,1,1,0.881823
2025-10-13 14:08:30,0,30,1,1,0.831955
2025-10-13 14:08:30,0,31,1,1,0.87193
2025-10-13 14:08:30,0,32,1,1,0.874423
2025-10-13 14:08:30,0,33,1,1,0.876742
2025-10-13 14:08:30,0,34,1,1,0.788574
2025-10-13 14:08:30,0,35,1,1,0.850705
2025-10-13 14:08:30,0,36,1,1,0.822527
2025-10-13 14:08:30,0,37,1,1,0.738214
2025-10-13 14:08:30,0,38,1,1,0.699204
2025-10-13 14:08:30,0,39,1,1,0.519983
2025-10-13 14:08:30,0,40,1,1,0.8765
2025-10-13 14:08:30,0,41,1,1,0.884171
2025-10-13 14:08:30,0,42,1,1,0.875038
2025-10-13 14:08:30,0,43,1,1,0.879893
2025-10-13 14:08:30,0,44,1,1,0.874928
2025-10-13 14:08:30,0,45,1,1,0.878248
2025-10-13 14:08:30,0,46,1,1,0.877133
2025-10-13 14:08:30,0,47,1,1,0.840971
2025-10-13 14:08:30,0,48,1,1,0.753245
2025-10-13 14:08:30,0,49,1,1,0.551258
2025-10-13 14:08:30,0,50,1,1,0.559634
2025-10-13 14:08:30,0,51,1,1,0.594959
2025-10-13 14:08:30,0,52,1,1,0.612634
2025-10-13 14:08:30,0,53,1,1,0.612966
2025-10-13 14:08:30,0,54,1,1,0.707476
2025-10-13 14:08:30,0,55,1,1,0.828741
2025-10-13 14:08:30,0,56,1,1,0.825563
2025-10-13 14:08:30,0,57,1,1,0.623376
2025-10-13 14:08:30,0,58,1,1,0.858483
2025-10-13 14:08:30,0,59,1,1,0.77085
2025-10-13 14:08:30,0,60,1,1,0.822802
2025-10-13 14:08:30,0,61,1,1,0.83398
2025-10-13 14:08:30,0,62,1,1,0.849067
2025-10-13 14:08:30,0,63,1,1,0.809776
2025-10-13 14:08:30,0,64,1,1,0.675305
2025-10-13 14:08:30,0,65,1,1,0.588042
2025-10-13 14:08:30,0,66,1,1,0.560081
2025-10-13 14:08:30,0,67,1,1,0.812097
2025-10-13 14:08:30,0,68,1,1,0.69836
2025-10-13 14:08:30,0,69,1,1,0.730082
2025-10-13 14:08:30,0,70,1,1,0.774761
2025-10-13 14:08:30,0,71,1,1,0.718809
2025-10-13 14:08:30,0,72,1,1,0.826553
2025-10-13 14:08:30,0,73,1,1,0.802746
2025-10-13 14:08:30,0,74,1,1,0.777759
2025-10-13 14:08:30,0,75,1,1,0.78515
2025-10-13 14:08:30,0,76,1,1,0.829249
2025-10-13 14:08:30,0,77,1,1,0.668309
2025-10-13 14:08:30,0,78,1,1,0.645671
2025-10-13 14:08:30,0,79,1,1,0.883565
2025-10-13 14:08:30,0,80,1,1,0.865439
2025-10-13 14:08:30,0,81,1,1,0.864985
2025-10-13 14:08:30,0,82,1,1,0.861063
2025-10-13 14:08:30,0,83,1,1,0.83402
2025-10-13 14:08:30,0,84,1,1,0.662303
2025-10-13 14:08:30,0,85,1,1,0.587222
2025-10-13 14:08:30,0,86,1,1,0.536512
2025-10-13 14:08:30,0,87,1,1,0.633178
2025-10-13 14:08:30,0,88,1,1,0.812001
2025-10-13 14:08:30,0,89,1,1,0.63361
2025-10-13 14:08:30,0,90,1,1,0.744968
2025-10-13 14:08:30,0,91,1,1,0.794378
2025-10-13 14:08:30,0,92,1,1,0.743331
2025-10-13 14:08:30,0,93,1,1,0.766685
2025-10-13 14:08:30,0,94,1,1,0.534066
2025-10-13 14:08:30,0,95,1,1,0.880818
2025-10-13 14:08:30,0,96,1,1,0.609627
2025-10-13 14:08:30,0,97,1,1,0.882388
2025-10-13 14:08:30,0,98,1,1,0.883786
2025-10-13 14:08:30,0,99,1,1,0.861524
2025-10-13 14:08:30,0,100,1,1,0.851972
2025-10-13 14:08:30,0,101,1,1,0.84835
2025-10-13 14:08:30,0,102,1,1,0.844176
2025-10-13 14:08:30,0,103,1,1,0.848512
2025-10-13 14:08:30,0,104,1,1,0.866748
2025-10-13 14:08:30,0,105,1,1,0.800624
2025-10-13 14:08:30,0,106,1,1,0.855623
2025-10-13 14:08:30,0,107,1,1,0.875163
2025-10-13 14:08:30,0,108,1,1,0.834759
2025-10-13 14:08:30,0,109,1,1,0.794141
2025-10-13 14:08:30,0,110,1,1,0.693651
2025-10-13 14:08:30,0,111,1,1,0.508477
2025-10-13 14:08:30,0,112,1,1,0.685295
2025-10-13 14:08:30,0,113,1,1,0.582334
2025-10-13 14:08:30,0,114,1,1,0.616136
2025-10-13 14:08:30,0,115,1,1,0.58589
2025-10-13 14:08:30,0,116,1,1,0.866527
2025-10-13 14:08:30,0,117,1,1,0.823039
2025-10-13 14:08:30,0,118,1,1,0.745021
2025-10-13 14:08:30,0,119,1,1,0.748926
2025-10-13 14:08:30,0,120,1,1,0.894101
2025-10-13 14:08:30,0,121,1,1,0.85518
2025-10-13 14:08:30,0,122,1,1,0.887213
2025-10-13 14:08:30,0,123,1,1,0.878415
2025-10-13 14:08:30,0,124,1,1,0.864387
2025-10-13 14:08:30,0,125,1,1,0.613636
2025-10-13 14:08:30,0,126,1,1,0.718575
2025-10-13 14:08:30,0,127,1,1,0.667976
2025-10-13 14:08:30,0,128,1,1,0.745956
2025-10-13 14:08:30,0,129,1,1,0.852069
2025-10-13 14:08:30,0,130,1,1,0.905266
2025-10-13 14:08:30,0,131,1,1,0.901098
2025-10-13 14:08:30,0,132,1,1,0.904902
2025-10-13 14:08:30,0,133,1,1,0.903182
2025-10-13 14:08:30,0,134,1,1,0.900155
2025-10-13 14:08:30,0,135,1,1,0.893918
2025-10-13 14:08:30,0,136,1,1,0.897076
2025-10-13 14:08:30,0,137,1,1,0.899253
2025-10-13 14:08:30,0,138,1,1,0.897145
2025-10-13 14:08:30,0,139,1,1,0.852856
2025-10-13 14:08:30,0,140,1,1,0.894923
2025-10-13 14:08:30,0,141,1,1,0.854808
2025-10-13 14:09:54,0,0,1,1,0.699436
2025-10-13 14:09:54,0,1,1,1,0.821168
2025-10-13 14:09:54,0,2,1,1,0.772656
2025-10-13 14:09:54,0,3,1,1,0.827972
2025-10-13 14:09:54,0,4,1,1,0.825439
2025-10-13 14:09:54,0,5,1,1,0.892839
2025-10-13 14:09:54,0,6,1,1,0.878191
2025-10-13 14:09:54,0,7,1,1,0.849981
2025-10-13 14:09:54,0,8,1,1,0.877123
2025-10-13 14:09:54,0,9,1,1,0.76951
2025-10-13 14:09:54,0,10,1,1,0.788031
2025-10-13 14:09:54,0,11,1,1,0.516244
2025-10-13 14:09:54,0,12,1,1,0.851756
2025-10-13 14:09:54,0,13,1,1,0.802001
2025-10-13 14:09:54,0,14,1,1,0.777164
2025-10-13 14:09:54,0,15,1,1,0.731458
2025-10-13 14:09:54,0,16,1,1,0.75861
2025-10-13 14:09:54,0,17,1,1,0.761668
2025-10-13 14:09:54,0,18,1,1,0.661418
2025-10-13 14:09:54,0,19,1,1,0.802002
2025-10-13 14:09:54,0,20,1,1,0.779361
2025-10-13 14:09:54,0,21,1,1,0.793339
2025-10-13 14:09:54,0,22,1,1,0.788788
2025-10-13 14:09:54,0,23,1,1,0.718451
2025-10-13 14:09:54,0,24,1,1,0.79148
2025-10-13 14:09:54,0,25,1,1,0.801797
2025-10-13 14:09:54,0,26,1,1,0.868298
2025-10-13 14:09:54,0,27,1,1,0.811191
2025-10-13 14:09:54,0,28,1,1,0.869807
2025-10-13 14:09:54,0,29,1,1,0.881823
2025-10-13 14:09:54,0,30,1,1,0.831955
2025-10-13 14:09:54,0,31,1,1,0.87193
2025-10-13 14:09:54,0,32,1,1,0.874423
2025-10-13 14:09:54,0,33,1,1,0.876742
2025-10-13 14:09:54,0,34,1,1,0.788574
2025-10-13 14:09:54,0,35,1,1,0.850705
2025-10-13 14:09:54,0,36,1,1,0.822527
2025-10-13 14:09:54,0,37,1,1,0.738214
2025-10-13 14:09:54,0,38,1,1,0.699204
2025-10-13 14:09:54,0,39,1,1,0.519983
2025-10-13 14:09:54,0,40,1,1,0.8765
2025-10-13 14:09:54,0,41,1,1,0.884171
2025-10-13 14:09:54,0,42,1,1,0.875038
2025-10-13 14:09:54,0,43,1,1,0.879893
2025-10-13 14:09:54,0,44,1,1,0.874928
2025-10-13 14:09:54,0,45,1,1,0.878248
2025-10-13 14:09:54,0,46,1,1,0.877133
2025-10-13 14:09:54,0,47,1,1,0.840971
2025-10-13 14:09:54,0,48,1,1,0.753245
2025-10-13 14:09:54,0,49,1,1,0.551258
2025-10-13 14:09:54,0,50,1,1,0.559634
2025-10-13 14:09:54,0,51,1,1,0.594959
2025-10-13 14:09:54,0,52,1,1,0.612634
2025-10-13 14:09:54,0,53,1,1,0.612966
2025-10-13 14:09:54,0,54,1,1,0.707476
2025-10-13 14:09:54,0,55,1,1,0.828741
2025-10-13 14:09:54,0,56,1,1,0.825563
2025-10-13 14:09:54,0,57,1,1,0.623376
2025-10-13 14:09:54,0,58,1,1,0.858483
2025-10-13 14:09:54,0,59,1,1,0.77085
2025-10-13 14:09:54,0,60,1,1,0.822802
2025-10-13 14:09:54,0,61,1,1,0.83398
2025-10-13 14:09:54,0,62,1,1,0.849067
2025-10-13 14:09:54,0,63,1,1,0.809776
2025-10-13 14:09:54,0,64,1,1,0.675305
2025-10-13 14:09:54,0,65,1,1,0.588042
2025-10-13 14:09:54,0,66,1,1,0.560081
2025-10-13 14:09:54,0,67,1,1,0.812097
2025-10-13 14:09:54,0,68,1,1,0.69836
2025-10-13 14:09:54,0,69,1,1,0.730082
2025-10-13 14:09:54,0,70,1,1,0.774761
2025-10-13 14:09:54,0,71,1,1,0.718809
2025-10-13 14:09:54,0,72,1,1,0.826553
2025-10-13 14:09:54,0,73,1,1,0.802746
2025-10-13 14:09:54,0,74,1,1,0.777759
2025-10-13 14:09:54,0,75,1,1,0.78515
2025-10-13 14:09:54,0,76,1,1,0.829249
2025-10-13 14:09:54,0,77,1,1,0.668309
2025-10-13 14:09:54,0,78,1,1,0.645671
2025-10-13 14:09:54,0,79,1,1,0.883565
2025-10-13 14:09:54,0,80,1,1,0.865439
2025-10-13 14:09:54,0,81,1,1,0.864985
2025-10-13 14:09:54,0,82,1,1,0.861063
2025-10-13 14:09:54,0,83,1,1,0.83402
2025-10-13 14:09:54,0,84,1,1,0.662303
2025-10-13 14:09:54,0,85,1,1,0.587222
2025-10-13 14:09:54,0,86,1,1,0.536512
2025-10-13 14:09:54,0,87,1,1,0.633178
2025-10-13 14:09:54,0,88,1,1,0.812001
2025-10-13 14:09:54,0,89,1,1,0.63361
2025-10-13 14:09:54,0,90,1,1,0.744968
2025-10-13 14:09:54,0,91,1,1,0.794378
2025-10-13 14:09:54,0,92,1,1,0.743331
2025-10-13 14:09:54,0,93,1,1,0.766685
2025-10-13 14:09:54,0,94,1,1,0.534066
2025-10-13 14:09:54,0,95,1,1,0.880818
2025-10-13 14:09:54,0,96,1,1,0.609627
2025-10-13 14:09:54,0,97,1,1,0.882388
2025-10-13 14:09:54,0,98,1,1,0.883786
2025-10-13 14:09:54,0,99,1,1,0.861524
2025-10-13 14:09:54,0,100,1,1,0.851972
2025-10-13 14:09:54,0,101,1,1,0.84835
2025-10-13 14:09:54,0,102,1,1,0.844176
2025-10-13 14:09:54,0,103,1,1,0.848512
2025-10-13 14:09:54,0,104,1,1,0.866748
2025-10-13 14:09:54,0,105,1,1,0.800624
2025-10-13 14:09:54,0,106,1,1,0.855623
2025-10-13 14:09:54,0,107,1,1,0.875163
2025-10-13 14:09:54,0,108,1,1,0.834759
2025-10-13 14:09:54,0,109,1,1,0.794141
2025-10-13 14:09:54,0,110,1,1,0.693651
2025-10-13 14:09:54,0,111,1,1,0.508477
2025-10-13 14:09:54,0,112,1,1,0.685295
2025-10-13 14:09:54,0,113,1,1,0.582334
2025-10-13 14:09:54,0,114,1,1,0.616136
2025-10-13 14:09:54,0,115,1,1,0.58589
2025-10-13 14:09:54,0,116,1,1,0.866527
2025-10-13 14:09:54,0,117,1,1,0.823039
2025-10-13 14:09:54,0,118,1,1,0.745021
2025-10-13 14:09:54,0,119,1,1,0.748926
2025-10-13 14:09:54,0,120,1,1,0.894101
2025-10-13 14:09:54,0,121,1,1,0.85518
2025-10-13 14:09:54,0,122,1,1,0.887213
2025-10-13 14:09:54,0,123,1,1,0.878415
2025-10-13 14:09:54,0,124,1,1,0.864387
2025-10-13 14:09:54,0,125,1,1,0.613636
2025-10-13 14:09:54,0,126,1,1,0.718575
2025-10-13 14:09:54,0,127,1,1,0.667976
2025-10-13 14:09:54,0,128,1,1,0.745956
2025-10-13 14:09:54,0,129,1,1,0.852069
2025-10-13 14:09:54,0,130,1,1,0.905266
2025-10-13 14:09:54,0,131,1,1,0.901098
2025-10-13 14:09:54,0,132,1,1,0.904902
2025-10-13 14:09:54,0,133,1,1,0.903182
2025-10-13 14:09:54,0,134,1,1,0.900155
2025-10-13 14:09:54,0,135,1,1,0.893918
2025-10-13 14:09:54,0,136,1,1,0.897076
2025-10-13 14:09:54,0,137,1,1,0.899253
2025-10-13 14:09:54,0,138,1,1,0.897145
2025-10-13 14:09:54,0,139,1,1,0.852856
2025-10-13 14:09:54,0,140,1,1,0.894923
2025-10-13 14:09:54,0,141,1,1,0.854808
2025-10-13 14:10:54,0,0,1,1,0.699436
2025-10-13 14:10:54,0,1,1,1,0.821168
2025-10-13 14:10:54,0,2,1,1,0.772656
2025-10-13 14:10:54,0,3,1,1,0.827972
2025-10-13 14:10:54,0,4,1,1,0.825439
2025-10-13 14:10:54,0,5,1,1,0.892839
2025-10-13 14:10:54,0,6,1,1,0.878191
2025-10-13 14:10:54,0,7,1,1,0.849981
2025-10-13 14:10:54,0,8,1,1,0.877123
2025-10-13 14:10:54,0,9,1,1,0.76951
2025-10-13 14:10:54,0,10,1,1,0.788031
2025-10-13 14:10:54,0,11,1,1,0.516244
2025-10-13 14:10:54,0,12,1,1,0.851756
2025-10-13 14:10:54,0,13,1,1,0.802001
2025-10-13 14:10:54,0,14,1,1,0.777164
2025-10-13 14:10:54,0,15,1,1,0.731458
2025-10-13 14:10:54,0,16,1,1,0.75861
2025-10-13 14:10:54,0,17,1,1,0.761668
2025-10-13 14:10:54,0,18,1,1,0.661418
2025-10-13 14:10:54,0,19,1,1,0.802002
2025-10-13 14:10:54,0,20,1,1,0.779361
2025-10-13 14:10:54,0,21,1,1,0.793339
2025-10-13 14:10:54,0,22,1,1,0.788788
2025-10-13 14:10:54,0,23,1,1,0.718451
2025-10-13 14:10:54,0,24,1,1,0.79148
2025-10-13 14:10:54,0,25,1,1,0.801797
2025-10-13 14:10:54,0,26,1,1,0.868298
2025-10-13 14:10:54,0,27,1,1,0.811191
2025-10-13 14:10:54,0,28,1,1,0.869807
2025-10-13 14:10:54,0,29,1,1,0.881823
2025-10-13 14:10:54,0,30,1,1,0.831955
2025-10-13 14:10:54,0,31,1,1,0.87193
2025-10-13 14:10:54,0,32,1,1,0.874423
2025-10-13 14:10:54,0,33,1,1,0.876742
2025-10-13 14:10:54,0,34,1,1,0.788574
2025-10-13 14:10:54,0,35,1,1,0.850705
2025-10-13 14:10:54,0,36,1,1,0.822527
2025-10-13 14:10:54,0,37,1,1,0.738214
2025-10-13 14:10:54,0,38,1,1,0.699204
2025-10-13 14:10:54,0,39,1,1,0.519983
2025-10-13 14:10:54,0,40,1,1,0.8765
2025-10-13 14:10:54,0,41,1,1,0.884171
2025-10-13 14:10:54,0,42,1,1,0.875038
2025-10-13 14:10:54,0,43,1,1,0.879893
2025-10-13 14:10:54,0,44,1,1,0.874928
2025-10-13 14:10:54,0,45,1,1,0.878248
2025-10-13 14:10:54,0,46,1,1,0.877133
2025-10-13 14:10:54,0,47,1,1,0.840971
2025-10-13 14:10:54,0,48,1,1,0.753245
2025-10-13 14:10:54,0,49,1,1,0.551258
2025-10-13 14:10:54,0,50,1,1,0.559634
2025-10-13 14:10:54,0,51,1,1,0.594959
2025-10-13 14:10:54,0,52,1,1,0.612634
2025-10-13 14:10:54,0,53,1,1,0.612966
2025-10-13 14:10:54,0,54,1,1,0.707476
2025-10-13 14:10:54,0,55,1,1,0.828741
2025-10-13 14:10:54,0,56,1,1,0.825563
2025-10-13 14:10:54,0,57,1,1,0.623376
2025-10-13 14:10:54,0,58,1,1,0.858483
2025-10-13 14:10:54,0,59,1,1,0.77085
2025-10-13 14:10:54,0,60,1,1,0.822802
2025-10-13 14:10:54,0,61,1,1,0.83398
2025-10-13 14:10:54,0,62,1,1,0.849067
2025-10-13 14:10:54,0,63,1,1,0.809776
2025-10-13 14:10:54,0,64,1,1,0.675305
2025-10-13 14:10:54,0,65,1,1,0.588042
2025-10-13 14:10:54,0,66,1,1,0.560081
2025-10-13 14:10:54,0,67,1,1,0.812097
2025-10-13 14:10:54,0,68,1,1,0.69836
2025-10-13 14:10:54,0,69,1,1,0.730082
2025-10-13 14:10:54,0,70,1,1,0.774761
2025-10-13 14:10:54,0,71,1,1,0.718809
2025-10-13 14:10:54,0,72,1,1,0.826553
2025-10-13 14:10:54,0,73,1,1,0.802746
2025-10-13 14:10:54,0,74,1,1,0.777759
2025-10-13 14:10:54,0,75,1,1,0.78515
2025-10-13 14:10:54,0,76,1,1,0.829249
2025-10-13 14:10:54,0,77,1,1,0.668309
2025-10-13 14:10:54,0,78,1,1,0.645671
2025-10-13 14:10:54,0,79,1,1,0.883565
2025-10-13 14:10:54,0,80,1,1,0.865439
2025-10-13 14:10:54,0,81,1,1,0.864985
2025-10-13 14:10:54,0,82,1,1,0.861063
2025-10-13 14:10:54,0,83,1,1,0.83402
2025-10-13 14:10:54,0,84,1,1,0.662303
2025-10-13 14:10:54,0,85,1,1,0.587222
2025-10-13 14:10:54,0,86,1,1,0.536512
2025-10-13 14:10:54,0,87,1,1,0.633178
2025-10-13 14:10:54,0,88,1,1,0.812001
2025-10-13 14:10:54,0,89,1,1,0.63361
2025-10-13 14:10:54,0,90,1,1,0.744968
2025-10-13 14:10:54,0,91,1,1,0.794378
2025-10-13 14:10:54,0,92,1,1,0.743331
2025-10-13 14:10:54,0,93,1,1,0.766685
2025-10-13 14:10:54,0,94,1,1,0.534066
2025-10-13 14:10:54,0,95,1,1,0.880818
2025-10-13 14:10:54,0,96,1,1,0.609627
2025-10-13 14:10:54,0,97,1,1,0.882388
2025-10-13 14:10:54,0,98,1,1,0.883786
2025-10-13 14:10:54,0,99,1,1,0.861524
2025-10-13 14:10:54,0,100,1,1,0.851972
2025-10-13 14:10:54,0,101,1,1,0.84835
2025-10-13 14:10:54,0,102,1,1,0.844176
2025-10-13 14:10:54,0,103,1,1,0.848512
2025-10-13 14:10:54,0,104,1,1,0.866748
2025-10-13 14:10:54,0,105,1,1,0.800624
2025-10-13 14:10:54,0,106,1,1,0.855623
2025-10-13 14:10:54,0,107,1,1,0.875163
2025-10-13 14:10:54,0,108,1,1,0.834759
2025-10-13 14:10:54,0,109,1,1,0.794141
2025-10-13 14:10:54,0,110,1,1,0.693651
2025-10-13 14:10:54,0,111,1,1,0.508477
2025-10-13 14:10:54,0,112,1,1,0.685295
2025-10-13 14:10:54,0,113,1,1,0.582334
2025-10-13 14:10:54,0,114,1,1,0.616136
2025-10-13 14:10:54,0,115,1,1,0.58589
2025-10-13 14:10:54,0,116,1,1,0.866527
2025-10-13 14:10:54,0,117,1,1,0.823039
2025-10-13 14:10:54,0,118,1,1,0.745021
2025-10-13 14:10:54,0,119,1,1,0.748926
2025-10-13 14:10:54,0,120,1,1,0.894101
2025-10-13 14:10:54,0,121,1,1,0.85518
2025-10-13 14:10:54,0,122,1,1,0.887213
2025-10-13 14:10:54,0,123,1,1,0.878415
2025-10-13 14:10:54,0,124,1,1,0.864387
2025-10-13 14:10:54,0,125,1,1,0.613636
2025-10-13 14:10:54,0,126,1,1,0.718575
2025-10-13 14:10:54,0,127,1,1,0.667976
2025-10-13 14:10:54,0,128,1,1,0.745956
2025-10-13 14:10:54,0,129,1,1,0.852069
2025-10-13 14:10:54,0,130,1,1,0.905266
2025-10-13 14:10:54,0,131,1,1,0.901098
2025-10-13 14:10:54,0,132,1,1,0.904902
2025-10-13 14:10:54,0,133,1,1,0.903182
2025-10-13 14:10:54,0,134,1,1,0.900155
2025-10-13 14:10:54,0,135,1,1,0.893918
2025-10-13 14:10:54,0,136,1,1,0.897076
2025-10-13 14:10:54,0,137,1,1,0.899253
2025-10-13 14:10:54,0,138,1,1,0.897145
2025-10-13 14:10:54,0,139,1,1,0.852856
2025-10-13 14:10:54,0,140,1,1,0.894923
2025-10-13 14:10:54,0,141,1,1,0.854808
2025-10-13 14:14:00,0,0,1,1,0.699436
2025-10-13 14:14:00,0,1,1,1,0.821168
2025-10-13 14:14:00,0,2,1,1,0.772656
2025-10-13 14:14:00,0,3,1,1,0.827972
2025-10-13 14:14:00,0,4,1,1,0.825439
2025-10-13 14:14:00,0,5,1,1,0.892839
2025-10-13 14:14:00,0,6,1,1,0.878191
2025-10-13 14:14:00,0,7,1,1,0.849981
2025-10-13 14:14:00,0,8,1,1,0.877123
2025-10-13 14:14:00,0,9,1,1,0.76951
2025-10-13 14:14:00,0,10,1,1,0.788031
2025-10-13 14:14:00,0,11,1,1,0.516244
2025-10-13 14:14:00,0,12,1,1,0.851756
2025-10-13 14:14:00,0,13,1,1,0.802001
2025-10-13 14:14:00,0,14,1,1,0.777164
2025-10-13 14:14:00,0,15,1,1,0.731458
2025-10-13 14:14:00,0,16,1,1,0.75861
2025-10-13 14:14:00,0,17,1,1,0.761668
2025-10-13 14:14:00,0,18,1,1,0.661418
2025-10-13 14:14:00,0,19,1,1,0.802002
2025-10-13 14:14:00,0,20,1,1,0.779361
2025-10-13 14:14:00,0,21,1,1,0.793339
2025-10-13 14:14:00,0,22,1,1,0.788788
2025-10-13 14:14:00,0,23,1,1,0.807096
2025-10-13 14:14:00,0,24,1,1,0.718451
2025-10-13 14:14:00,0,25,1,1,0.79148
2025-10-13 14:14:00,0,26,1,1,0.801797
2025-10-13 14:14:00,0,27,1,1,0.868298
2025-10-13 14:14:00,0,28,1,1,0.811191
2025-10-13 14:14:00,0,29,1,1,0.83522
2025-10-13 14:14:00,0,30,1,1,0.869807
2025-10-13 14:14:00,0,31,1,1,0.881823
2025-10-13 14:14:00,0,32,1,1,0.831955
2025-10-13 14:14:00,0,33,1,1,0.87193
2025-10-13 14:14:00,0,34,1,1,0.834309
2025-10-13 14:14:00,0,35,1,1,0.874423
2025-10-13 14:14:00,0,36,1,1,0.821133
2025-10-13 14:14:00,0,37,1,1,0.876742
2025-10-13 14:14:00,0,38,1,1,0.788574
2025-10-13 14:14:00,0,39,1,1,0.850705
2025-10-13 14:14:00,0,40,1,1,0.822527
2025-10-13 14:14:00,0,41,1,1,0.738214
2025-10-13 14:14:00,0,42,1,1,0.699204
2025-10-13 14:14:00,0,43,1,1,0.519983
2025-10-13 14:14:00,0,44,1,1,0.8765
2025-10-13 14:14:00,0,45,1,1,0.884171
2025-10-13 14:14:00,0,46,1,1,0.875038
2025-10-13 14:14:00,0,47,1,1,0.879893
2025-10-13 14:14:00,0,48,1,1,0.874928
2025-10-13 14:14:00,0,49,1,1,0.805278
2025-10-13 14:14:00,0,50,1,1,0.879582
2025-10-13 14:14:00,0,51,1,1,0.878248
2025-10-13 14:14:00,0,52,1,1,0.877133
2025-10-13 14:14:00,0,53,1,1,0.840971
2025-10-13 14:14:00,0,54,1,1,0.753245
2025-10-13 14:14:00,0,55,1,1,0.887686
2025-10-13 14:14:00,0,56,1,1,0.559634
2025-10-13 14:14:00,0,57,1,1,0.527156
2025-10-13 14:14:00,0,58,1,1,0.551258
2025-10-13 14:14:00,0,59,1,1,0.594959
2025-10-13 14:14:00,0,60,1,1,0.612634
2025-10-13 14:14:00,0,61,1,1,0.612966
2025-10-13 14:14:00,0,62,1,1,0.682586
2025-10-13 14:14:00,0,63,1,1,0.707476
2025-10-13 14:14:00,0,64,1,1,0.828741
2025-10-13 14:14:00,0,65,1,1,0.825563
2025-10-13 14:14:00,0,66,1,1,0.623376
2025-10-13 14:14:00,0,67,1,1,0.569817
2025-10-13 14:14:00,0,68,1,1,0.77085
2025-10-13 14:14:00,0,69,1,1,0.858483
2025-10-13 14:14:00,0,70,1,1,0.822802
2025-10-13 14:14:00,0,71,1,1,0.83398
2025-10-13 14:14:00,0,72,1,1,0.849067
2025-10-13 14:14:00,0,73,1,1,0.904616
2025-10-13 14:14:00,0,74,1,1,0.889015
2025-10-13 14:14:00,0,75,1,1,0.809776
2025-10-13 14:14:00,0,76,1,1,0.675305
2025-10-13 14:14:00,0,77,1,1,0.551351
2025-10-13 14:14:00,0,78,1,1,0.560081
2025-10-13 14:14:00,0,79,1,1,0.588042
2025-10-13 14:14:00,0,80,1,1,0.682155
2025-10-13 14:14:00,0,81,1,1,0.812097
2025-10-13 14:14:00,0,82,1,1,0.69836
2025-10-13 14:14:00,0,83,1,1,0.774761
2025-10-13 14:14:00,0,84,1,1,0.730082
2025-10-13 14:14:00,0,85,1,1,0.718809
2025-10-13 14:14:00,0,86,1,1,0.802746
2025-10-13 14:14:00,0,87,1,1,0.777759
2025-10-13 14:14:00,0,88,1,1,0.826553
2025-10-13 14:14:00,0,89,1,1,0.78515
2025-10-13 14:14:00,0,90,1,1,0.829249
2025-10-13 14:14:00,0,91,1,1,0.668309
2025-10-13 14:14:00,0,92,1,1,0.645671
2025-10-13 14:14:00,0,93,1,1,0.861063
2025-10-13 14:14:00,0,94,1,1,0.883565
2025-10-13 14:14:00,0,95,1,1,0.865439
2025-10-13 14:14:00,0,96,1,1,0.864985
2025-10-13 14:14:00,0,97,1,1,0.83402
2025-10-13 14:14:00,0,98,1,1,0.662303
2025-10-13 14:14:00,0,99,1,1,0.633178
2025-10-13 14:14:00,0,100,1,1,0.587222
2025-10-13 14:14:00,0,101,1,1,0.536512
2025-10-13 14:14:00,0,102,1,1,0.812001
2025-10-13 14:14:00,0,103,1,1,0.63361
2025-10-13 14:14:00,0,104,1,1,0.744968
2025-10-13 14:14:00,0,105,1,1,0.794378
2025-10-13 14:14:00,0,106,1,1,0.743331
2025-10-13 14:14:00,0,107,1,1,0.534066
2025-10-13 14:14:00,0,108,1,1,0.766685
2025-10-13 14:14:00,0,109,1,1,0.880818
2025-10-13 14:14:00,0,110,1,1,0.609627
2025-10-13 14:14:00,0,111,1,1,0.882388
2025-10-13 14:14:00,0,112,1,1,0.883786
2025-10-13 14:14:00,0,113,1,1,0.844176
2025-10-13 14:14:00,0,114,1,1,0.861524
2025-10-13 14:14:00,0,115,1,1,0.851972
2025-10-13 14:14:00,0,116,1,1,0.84835
2025-10-13 14:14:00,0,117,1,1,0.848512
2025-10-13 14:14:00,0,118,1,1,0.866748
2025-10-13 14:14:00,0,119,1,1,0.800624
2025-10-13 14:14:00,0,120,1,1,0.855623
2025-10-13 14:14:00,0,121,1,1,0.875163
2025-10-13 14:14:00,0,122,1,1,0.834759
2025-10-13 14:14:00,0,123,1,1,0.794141
2025-10-13 14:14:00,0,124,1,1,0.693651
2025-10-13 14:14:00,0,125,1,1,0.508477
2025-10-13 14:14:00,0,126,1,1,0.582334
2025-10-13 14:14:00,0,127,1,1,0.685295
2025-10-13 14:14:00,0,128,1,1,0.616136
2025-10-13 14:14:00,0,129,1,1,0.58589
2025-10-13 14:14:00,0,130,1,1,0.866527
2025-10-13 14:14:00,0,131,1,1,0.823039
2025-10-13 14:14:00,0,132,1,1,0.745021
2025-10-13 14:14:00,0,133,1,1,0.748926
2025-10-13 14:14:00,0,134,1,1,0.894101
2025-10-13 14:14:00,0,135,1,1,0.85518
2025-10-13 14:14:00,0,136,1,1,0.887213
2025-10-13 14:14:00,0,137,1,1,0.878415
2025-10-13 14:14:00,0,138,1,1,0.864387
2025-10-13 14:14:00,0,139,1,1,0.613636
2025-10-13 14:14:00,0,140,1,1,0.718575
2025-10-13 14:14:00,0,141,1,1,0.667976
2025-10-13 14:14:00,0,142,1,1,0.745956
2025-10-13 14:14:00,0,143,1,1,0.852069
2025-10-13 14:14:00,0,144,1,1,0.846975
2025-10-13 14:14:00,0,145,1,1,0.905266
2025-10-13 14:14:00,0,146,1,1,0.901098
2025-10-13 14:14:00,0,147,1,1,0.904902
2025-10-13 14:14:00,0,148,1,1,0.903182
2025-10-13 14:14:00,0,149,1,1,0.900155
2025-10-13 14:14:00,0,150,1,1,0.893918
2025-10-13 14:14:00,0,151,1,1,0.897076
2025-10-13 14:14:00,0,152,1,1,0.899253
2025-10-13 14:14:00,0,153,1,1,0.897145
2025-10-13 14:14:00,0,154,1,1,0.852856
2025-10-13 14:14:00,0,155,1,1,0.894923
2025-10-13 14:14:00,0,156,1,1,0.854808
2025-10-13 14:15:37,0,0,1,1,0.699436
2025-10-13 14:15:37,0,1,1,1,0.821168
2025-10-13 14:15:37,0,2,1,1,0.772656
2025-10-13 14:15:37,0,3,1,1,0.827972
2025-10-13 14:15:37,0,4,1,1,0.825439
2025-10-13 14:15:37,0,5,1,1,0.892839
2025-10-13 14:15:37,0,6,1,1,0.878191
2025-10-13 14:15:37,0,7,1,1,0.849981
2025-10-13 14:15:37,0,8,1,1,0.877123
2025-10-13 14:15:37,0,9,1,1,0.76951
2025-10-13 14:15:37,0,10,1,1,0.788031
2025-10-13 14:15:37,0,11,1,1,0.765231
2025-10-13 14:15:37,0,12,1,1,0.516244
2025-10-13 14:15:37,0,13,1,1,0.851756
2025-10-13 14:15:37,0,14,1,1,0.802001
2025-10-13 14:15:37,0,15,1,1,0.777164
2025-10-13 14:15:37,0,16,1,1,0.731458
2025-10-13 14:15:37,0,17,1,1,0.75861
2025-10-13 14:15:37,0,18,1,1,0.761668
2025-10-13 14:15:37,0,19,1,1,0.661418
2025-10-13 14:15:37,0,20,1,1,0.802002
2025-10-13 14:15:37,0,21,1,1,0.779361
2025-10-13 14:15:37,0,22,1,1,0.793339
2025-10-13 14:15:37,0,23,1,1,0.788788
2025-10-13 14:15:37,0,24,1,1,0.807096
2025-10-13 14:15:37,0,25,1,1,0.718451
2025-10-13 14:15:37,0,26,1,1,0.79148
2025-10-13 14:15:37,0,27,1,1,0.801797
2025-10-13 14:15:37,0,28,1,1,0.684324
2025-10-13 14:15:37,0,29,1,1,0.868298
2025-10-13 14:15:37,0,30,1,1,0.811191
2025-10-13 14:15:37,0,31,1,1,0.83522
2025-10-13 14:15:37,0,32,1,1,0.869807
2025-10-13 14:15:37,0,33,1,1,0.881823
2025-10-13 14:15:37,0,34,1,1,0.831955
2025-10-13 14:15:37,0,35,1,1,0.87193
2025-10-13 14:15:37,0,36,1,1,0.834309
2025-10-13 14:15:37,0,37,1,1,0.874423
2025-10-13 14:15:37,0,38,1,1,0.821133
2025-10-13 14:15:37,0,39,1,1,0.876742
2025-10-13 14:15:37,0,40,1,1,0.788574
2025-10-13 14:15:37,0,41,1,1,0.850705
2025-10-13 14:15:37,0,42,1,1,0.822527
2025-10-13 14:15:37,0,43,1,1,0.738214
2025-10-13 14:15:37,0,44,1,1,0.699204
2025-10-13 14:15:37,0,45,1,1,0.519983
2025-10-13 14:15:37,0,46,1,1,0.8765
2025-10-13 14:15:37,0,47,1,1,0.884171
2025-10-13 14:15:37,0,48,1,1,0.875038
2025-10-13 14:15:37,0,49,1,1,0.879893
2025-10-13 14:15:37,0,50,1,1,0.874928
2025-10-13 14:15:37,0,51,1,1,0.805278
2025-10-13 14:15:37,0,52,1,1,0.878248
2025-10-13 14:15:37,0,53,1,1,0.879582
2025-10-13 14:15:37,0,54,1,1,0.877133
2025-10-13 14:15:37,0,55,1,1,0.840971
2025-10-13 14:15:37,0,56,1,1,0.801228
2025-10-13 14:15:37,0,57,1,1,0.753245
2025-10-13 14:15:37,0,58,1,1,0.887686
2025-10-13 14:15:37,0,59,1,1,0.527156
2025-10-13 14:15:37,0,60,1,1,0.559634
2025-10-13 14:15:37,0,61,1,1,0.594959
2025-10-13 14:15:37,0,62,1,1,0.551258
2025-10-13 14:15:37,0,63,1,1,0.612966
2025-10-13 14:15:37,0,64,1,1,0.682586
2025-10-13 14:15:37,0,65,1,1,0.612634
2025-10-13 14:15:37,0,66,1,1,0.707476
2025-10-13 14:15:37,0,67,1,1,0.828741
2025-10-13 14:15:37,0,68,1,1,0.825563
2025-10-13 14:15:37,0,69,1,1,0.764482
2025-10-13 14:15:37,0,70,1,1,0.623376
2025-10-13 14:15:37,0,71,1,1,0.569817
2025-10-13 14:15:37,0,72,1,1,0.858483
2025-10-13 14:15:37,0,73,1,1,0.77085
2025-10-13 14:15:37,0,74,1,1,0.822802
2025-10-13 14:15:37,0,75,1,1,0.83398
2025-10-13 14:15:37,0,76,1,1,0.849067
2025-10-13 14:15:37,0,77,1,1,0.69836
2025-10-13 14:15:37,0,78,1,1,0.904616
2025-10-13 14:15:37,0,79,1,1,0.889015
2025-10-13 14:15:37,0,80,1,1,0.809776
2025-10-13 14:15:37,0,81,1,1,0.675305
2025-10-13 14:15:37,0,82,1,1,0.753032
2025-10-13 14:15:37,0,83,1,1,0.682155
2025-10-13 14:15:37,0,84,1,1,0.588042
2025-10-13 14:15:37,0,85,1,1,0.560081
2025-10-13 14:15:37,0,86,1,1,0.551351
2025-10-13 14:15:37,0,87,1,1,0.812097
2025-10-13 14:15:37,0,88,1,1,0.69836
2025-10-13 14:15:37,0,89,1,1,0.774761
2025-10-13 14:15:37,0,90,1,1,0.730082
2025-10-13 14:15:37,0,91,1,1,0.693797
2025-10-13 14:15:37,0,92,1,1,0.718809
2025-10-13 14:15:37,0,93,1,1,0.826553
2025-10-13 14:15:37,0,94,1,1,0.802746
2025-10-13 14:15:37,0,95,1,1,0.777759
2025-10-13 14:15:37,0,96,1,1,0.78515
2025-10-13 14:15:37,0,97,1,1,0.829249
2025-10-13 14:15:37,0,98,1,1,0.668309
2025-10-13 14:15:37,0,99,1,1,0.645671
2025-10-13 14:15:37,0,100,1,1,0.533534
2025-10-13 14:15:37,0,101,1,1,0.883565
2025-10-13 14:15:37,0,102,1,1,0.865439
2025-10-13 14:15:37,0,103,1,1,0.864985
2025-10-13 14:15:37,0,104,1,1,0.861063
2025-10-13 14:15:37,0,105,1,1,0.83402
2025-10-13 14:15:37,0,106,1,1,0.662303
2025-10-13 14:15:37,0,107,1,1,0.587222
2025-10-13 14:15:37,0,108,1,1,0.536512
2025-10-13 14:15:37,0,109,1,1,0.633178
2025-10-13 14:15:37,0,110,1,1,0.812001
2025-10-13 14:15:37,0,111,1,1,0.63361
2025-10-13 14:15:37,0,112,1,1,0.63295
2025-10-13 14:15:37,0,113,1,1,0.744968
2025-10-13 14:15:37,0,114,1,1,0.622515
2025-10-13 14:15:37,0,115,1,1,0.794378
2025-10-13 14:15:37,0,116,1,1,0.743331
2025-10-13 14:15:37,0,117,1,1,0.534066
2025-10-13 14:15:37,0,118,1,1,0.766685
2025-10-13 14:15:37,0,119,1,1,0.737242
2025-10-13 14:15:37,0,120,1,1,0.880818
2025-10-13 14:15:37,0,121,1,1,0.609627
2025-10-13 14:15:37,0,122,1,1,0.766183
2025-10-13 14:15:37,0,123,1,1,0.882388
2025-10-13 14:15:37,0,124,1,1,0.859447
2025-10-13 14:15:37,0,125,1,1,0.883786
2025-10-13 14:15:37,0,126,1,1,0.84835
2025-10-13 14:15:37,0,127,1,1,0.844176
2025-10-13 14:15:37,0,128,1,1,0.861524
2025-10-13 14:15:37,0,129,1,1,0.851972
2025-10-13 14:15:37,0,130,1,1,0.848512
2025-10-13 14:15:37,0,131,1,1,0.866748
2025-10-13 14:15:37,0,132,1,1,0.800624
2025-10-13 14:15:37,0,133,1,1,0.855623
2025-10-13 14:15:37,0,134,1,1,0.875163
2025-10-13 14:15:37,0,135,1,1,0.834759
2025-10-13 14:15:37,0,136,1,1,0.794141
2025-10-13 14:15:37,0,137,1,1,0.693651
2025-10-13 14:15:37,0,138,1,1,0.508477
2025-10-13 14:15:37,0,139,1,1,0.685295
2025-10-13 14:15:37,0,140,1,1,0.582334
2025-10-13 14:15:37,0,141,1,1,0.616136
2025-10-13 14:15:37,0,142,1,1,0.58589
2025-10-13 14:15:37,0,143,1,1,0.866527
2025-10-13 14:15:37,0,144,1,1,0.823039
2025-10-13 14:15:37,0,145,1,1,0.745021
2025-10-13 14:15:37,0,146,1,1,0.748926
2025-10-13 14:15:37,0,147,1,1,0.894101
2025-10-13 14:15:37,0,148,1,1,0.85518
2025-10-13 14:15:37,0,149,1,1,0.887213
2025-10-13 14:15:37,0,150,1,1,0.878415
2025-10-13 14:15:37,0,151,1,1,0.864387
2025-10-13 14:15:37,0,152,1,1,0.613636
2025-10-13 14:15:37,0,153,1,1,0.718575
2025-10-13 14:15:37,0,154,1,1,0.667976
2025-10-13 14:15:37,0,155,1,1,0.745956
2025-10-13 14:15:37,0,156,1,1,0.852069
2025-10-13 14:15:37,0,157,1,1,0.843552
2025-10-13 14:15:37,0,158,1,1,0.846975
2025-10-13 14:15:37,0,159,1,1,0.905266
2025-10-13 14:15:37,0,160,1,1,0.901098
2025-10-13 14:15:37,0,161,1,1,0.889499
2025-10-13 14:15:37,0,162,1,1,0.904902
2025-10-13 14:15:37,0,163,1,1,0.903182
2025-10-13 14:15:37,0,164,1,1,0.900155
2025-10-13 14:15:37,0,165,1,1,0.893918
2025-10-13 14:15:37,0,166,1,1,0.897076
2025-10-13 14:15:37,0,167,1,1,0.899253
2025-10-13 14:15:37,0,168,1,1,0.873319
2025-10-13 14:15:37,0,169,1,1,0.897145
2025-10-13 14:15:37,0,170,1,1,0.875611
2025-10-13 14:15:37,0,171,1,1,0.908035
2025-10-13 14:15:37,0,172,1,1,0.852856
2025-10-13 14:15:37,0,173,1,1,0.894923
2025-10-13 14:15:37,0,174,1,1,0.857824
2025-10-13 14:15:37,0,175,1,1,0.854808
2025-10-13 14:26:58,0,0,1,1,0.699436
2025-10-13 14:26:58,0,1,1,1,0.827972
2025-10-13 14:26:58,0,2,1,1,0.825439
2025-10-13 14:26:58,0,3,1,1,0.878191
2025-10-13 14:26:58,0,4,1,1,0.849981
2025-10-13 14:26:58,0,5,1,1,0.877123
2025-10-13 14:26:58,0,6,1,1,0.765231
2025-10-13 14:26:58,0,7,1,1,0.851756
2025-10-13 14:26:58,0,8,1,1,0.802001
2025-10-13 14:26:58,0,9,1,1,0.75861
2025-10-13 14:26:58,0,10,1,1,0.761668
2025-10-13 14:26:58,0,11,1,1,0.802002
2025-10-13 14:26:58,0,12,1,1,0.779361
2025-10-13 14:26:58,0,13,1,1,0.793339
2025-10-13 14:26:58,0,14,1,1,0.788788
2025-10-13 14:26:58,0,15,1,1,0.718451
2025-10-13 14:26:58,0,16,1,1,0.79148
2025-10-13 14:26:58,0,17,1,1,0.801797
2025-10-13 14:26:58,0,18,1,1,0.684324
2025-10-13 14:26:58,0,19,1,1,0.868298
2025-10-13 14:26:58,0,20,1,1,0.881823
2025-10-13 14:26:58,0,21,1,1,0.834309
2025-10-13 14:26:58,0,22,1,1,0.821133
2025-10-13 14:26:58,0,23,1,1,0.822527
2025-10-13 14:26:58,0,24,1,1,0.738214
2025-10-13 14:26:58,0,25,1,1,0.699204
2025-10-13 14:26:58,0,26,1,1,0.519983
2025-10-13 14:26:58,0,27,1,1,0.879582
2025-10-13 14:26:58,0,28,1,1,0.878248
2025-10-13 14:26:58,0,29,1,1,0.805278
2025-10-13 14:26:58,0,30,1,1,0.840971
2025-10-13 14:26:58,0,31,1,1,0.877133
2025-10-13 14:26:58,0,32,1,1,0.801228
2025-10-13 14:26:58,0,33,1,1,0.707476
2025-10-13 14:26:58,0,34,1,1,0.682586
2025-10-13 14:26:58,0,35,1,1,0.612966
2025-10-13 14:26:58,0,36,1,1,0.612634
2025-10-13 14:26:58,0,37,1,1,0.594959
2025-10-13 14:26:58,0,38,1,1,0.559634
2025-10-13 14:26:58,0,39,1,1,0.551258
2025-10-13 14:26:58,0,40,1,1,0.527156
2025-10-13 14:26:58,0,41,1,1,0.828741
2025-10-13 14:26:58,0,42,1,1,0.825563
2025-10-13 14:26:58,0,43,1,1,0.764482
2025-10-13 14:26:58,0,44,1,1,0.623376
2025-10-13 14:26:58,0,45,1,1,0.569817
2025-10-13 14:26:58,0,46,1,1,0.77085
2025-10-13 14:26:58,0,47,1,1,0.858483
2025-10-13 14:26:58,0,48,1,1,0.822802
2025-10-13 14:26:58,0,49,1,1,0.83398
2025-10-13 14:26:58,0,50,1,1,0.849067
2025-10-13 14:26:58,0,51,1,1,0.69836
2025-10-13 14:26:58,0,52,1,1,0.809776
2025-10-13 14:26:58,0,53,1,1,0.675305
2025-10-13 14:26:58,0,54,1,1,0.753032
2025-10-13 14:26:58,0,55,1,1,0.682155
2025-10-13 14:26:58,0,56,1,1,0.588042
2025-10-13 14:26:58,0,57,1,1,0.560081
2025-10-13 14:26:58,0,58,1,1,0.551351
2025-10-13 14:26:58,0,59,1,1,0.812097
2025-10-13 14:26:58,0,60,1,1,0.69836
2025-10-13 14:26:58,0,61,1,1,0.730082
2025-10-13 14:26:58,0,62,1,1,0.774761
2025-10-13 14:26:58,0,63,1,1,0.826553
2025-10-13 14:26:58,0,64,1,1,0.802746
2025-10-13 14:26:58,0,65,1,1,0.777759
2025-10-13 14:26:58,0,66,1,1,0.78515
2025-10-13 14:26:58,0,67,1,1,0.829249
2025-10-13 14:26:58,0,68,1,1,0.668309
2025-10-13 14:26:58,0,69,1,1,0.645671
2025-10-13 14:26:58,0,70,1,1,0.533534
2025-10-13 14:26:58,0,71,1,1,0.883565
2025-10-13 14:26:58,0,72,1,1,0.865439
2025-10-13 14:26:58,0,73,1,1,0.864985
2025-10-13 14:26:58,0,74,1,1,0.861063
2025-10-13 14:26:58,0,75,1,1,0.83402
2025-10-13 14:26:58,0,76,1,1,0.662303
2025-10-13 14:26:58,0,77,1,1,0.536512
2025-10-13 14:26:58,0,78,1,1,0.633178
2025-10-13 14:26:58,0,79,1,1,0.587222
2025-10-13 14:26:58,0,80,1,1,0.812001
2025-10-13 14:26:58,0,81,1,1,0.63361
2025-10-13 14:26:58,0,82,1,1,0.63295
2025-10-13 14:26:58,0,83,1,1,0.744968
2025-10-13 14:26:58,0,84,1,1,0.622515
2025-10-13 14:26:58,0,85,1,1,0.794378
2025-10-13 14:26:58,0,86,1,1,0.743331
2025-10-13 14:26:58,0,87,1,1,0.766685
2025-10-13 14:26:58,0,88,1,1,0.737242
2025-10-13 14:26:58,0,89,1,1,0.534066
2025-10-13 14:26:58,0,90,1,1,0.880818
2025-10-13 14:26:58,0,91,1,1,0.609627
2025-10-13 14:26:58,0,92,1,1,0.766183
2025-10-13 14:26:58,0,93,1,1,0.883786
2025-10-13 14:26:58,0,94,1,1,0.861524
2025-10-13 14:26:58,0,95,1,1,0.851972
2025-10-13 14:26:58,0,96,1,1,0.84835
2025-10-13 14:26:58,0,97,1,1,0.844176
2025-10-13 14:26:58,0,98,1,1,0.855623
2025-10-13 14:26:58,0,99,1,1,0.875163
2025-10-13 14:26:58,0,100,1,1,0.834759
2025-10-13 14:26:58,0,101,1,1,0.794141
2025-10-13 14:26:58,0,102,1,1,0.693651
2025-10-13 14:26:58,0,103,1,1,0.508477
2025-10-13 14:26:58,0,104,1,1,0.685295
2025-10-13 14:26:58,0,105,1,1,0.582334
2025-10-13 14:26:58,0,106,1,1,0.616136
2025-10-13 14:26:58,0,107,1,1,0.58589
2025-10-13 14:26:58,0,108,1,1,0.866527
2025-10-13 14:26:58,0,109,1,1,0.823039
2025-10-13 14:26:58,0,110,1,1,0.745021
2025-10-13 14:26:58,0,111,1,1,0.748926
2025-10-13 14:26:58,0,112,1,1,0.894101
2025-10-13 14:26:58,0,113,1,1,0.85518
2025-10-13 14:26:58,0,114,1,1,0.887213
2025-10-13 14:26:58,0,115,1,1,0.878415
2025-10-13 14:26:58,0,116,1,1,0.864387
2025-10-13 14:26:58,0,117,1,1,0.613636
2025-10-13 14:26:58,0,118,1,1,0.718575
2025-10-13 14:26:58,0,119,1,1,0.667976
2025-10-13 14:26:58,0,120,1,1,0.745956
2025-10-13 14:26:58,0,121,1,1,0.852069
2025-10-13 14:26:58,0,122,1,1,0.843552
2025-10-13 14:29:25,0,0,1,1,0.699436
2025-10-13 14:29:25,0,1,1,1,0.827972
2025-10-13 14:29:25,0,2,1,1,0.825439
2025-10-13 14:29:25,0,3,1,1,0.878191
2025-10-13 14:29:25,0,4,1,1,0.849981
2025-10-13 14:29:25,0,5,1,1,0.877123
2025-10-13 14:29:25,0,6,1,1,0.765231
2025-10-13 14:29:25,0,7,1,1,0.851756
2025-10-13 14:29:25,0,8,1,1,0.802001
2025-10-13 14:29:25,0,9,1,1,0.75861
2025-10-13 14:29:25,0,10,1,1,0.761668
2025-10-13 14:29:25,0,11,1,1,0.802002
2025-10-13 14:29:25,0,12,1,1,0.779361
2025-10-13 14:29:25,0,13,1,1,0.793339
2025-10-13 14:29:25,0,14,1,1,0.788788
2025-10-13 14:29:25,0,15,1,1,0.718451
2025-10-13 14:29:25,0,16,1,1,0.79148
2025-10-13 14:29:25,0,17,1,1,0.801797
2025-10-13 14:29:25,0,18,1,1,0.684324
2025-10-13 14:29:25,0,19,1,1,0.868298
2025-10-13 14:29:25,0,20,1,1,0.881823
2025-10-13 14:29:25,0,21,1,1,0.834309
2025-10-13 14:29:25,0,22,1,1,0.821133
2025-10-13 14:29:25,0,23,1,1,0.822527
2025-10-13 14:29:25,0,24,1,1,0.738214
2025-10-13 14:29:25,0,25,1,1,0.699204
2025-10-13 14:29:25,0,26,1,1,0.519983
2025-10-13 14:29:25,0,27,1,1,0.879582
2025-10-13 14:29:25,0,28,1,1,0.878248
2025-10-13 14:29:25,0,29,1,1,0.805278
2025-10-13 14:29:25,0,30,1,1,0.840971
2025-10-13 14:29:25,0,31,1,1,0.877133
2025-10-13 14:29:25,0,32,1,1,0.801228
2025-10-13 14:29:25,0,33,1,1,0.707476
2025-10-13 14:29:25,0,34,1,1,0.682586
2025-10-13 14:29:25,0,35,1,1,0.612966
2025-10-13 14:29:25,0,36,1,1,0.612634
2025-10-13 14:29:25,0,37,1,1,0.594959
2025-10-13 14:29:25,0,38,1,1,0.559634
2025-10-13 14:29:25,0,39,1,1,0.551258
2025-10-13 14:29:25,0,40,1,1,0.527156
2025-10-13 14:29:25,0,41,1,1,0.828741
2025-10-13 14:29:25,0,42,1,1,0.825563
2025-10-13 14:29:25,0,43,1,1,0.764482
2025-10-13 14:29:25,0,44,1,1,0.623376
2025-10-13 14:29:25,0,45,1,1,0.569817
2025-10-13 14:29:25,0,46,1,1,0.77085
2025-10-13 14:29:25,0,47,1,1,0.858483
2025-10-13 14:29:25,0,48,1,1,0.822802
2025-10-13 14:29:25,0,49,1,1,0.83398
2025-10-13 14:29:25,0,50,1,1,0.849067
2025-10-13 14:29:25,0,51,1,1,0.69836
2025-10-13 14:29:25,0,52,1,1,0.809776
2025-10-13 14:29:25,0,53,1,1,0.675305
2025-10-13 14:29:25,0,54,1,1,0.753032
2025-10-13 14:29:25,0,55,1,1,0.682155
2025-10-13 14:29:25,0,56,1,1,0.588042
2025-10-13 14:29:25,0,57,1,1,0.560081
2025-10-13 14:29:25,0,58,1,1,0.551351
2025-10-13 14:29:25,0,59,1,1,0.812097
2025-10-13 14:29:25,0,60,1,1,0.69836
2025-10-13 14:29:25,0,61,1,1,0.730082
2025-10-13 14:29:25,0,62,1,1,0.774761
2025-10-13 14:29:25,0,63,1,1,0.826553
2025-10-13 14:29:25,0,64,1,1,0.802746
2025-10-13 14:29:25,0,65,1,1,0.777759
2025-10-13 14:29:25,0,66,1,1,0.78515
2025-10-13 14:29:25,0,67,1,1,0.829249
2025-10-13 14:29:25,0,68,1,1,0.668309
2025-10-13 14:29:25,0,69,1,1,0.645671
2025-10-13 14:29:25,0,70,1,1,0.533534
2025-10-13 14:29:25,0,71,1,1,0.883565
2025-10-13 14:29:25,0,72,1,1,0.865439
2025-10-13 14:29:25,0,73,1,1,0.864985
2025-10-13 14:29:25,0,74,1,1,0.861063
2025-10-13 14:29:25,0,75,1,1,0.83402
2025-10-13 14:29:25,0,76,1,1,0.662303
2025-10-13 14:29:25,0,77,1,1,0.536512
2025-10-13 14:29:25,0,78,1,1,0.633178
2025-10-13 14:29:25,0,79,1,1,0.587222
2025-10-13 14:29:25,0,80,1,1,0.812001
2025-10-13 14:29:25,0,81,1,1,0.63361
2025-10-13 14:29:25,0,82,1,1,0.63295
2025-10-13 14:29:25,0,83,1,1,0.744968
2025-10-13 14:29:25,0,84,1,1,0.622515
2025-10-13 14:29:25,0,85,1,1,0.794378
2025-10-13 14:29:25,0,86,1,1,0.743331
2025-10-13 14:29:25,0,87,1,1,0.766685
2025-10-13 14:29:25,0,88,1,1,0.737242
2025-10-13 14:29:25,0,89,1,1,0.534066
2025-10-13 14:29:25,0,90,1,1,0.880818
2025-10-13 14:29:25,0,91,1,1,0.609627
2025-10-13 14:29:25,0,92,1,1,0.766183
2025-10-13 14:29:25,0,93,1,1,0.883786
2025-10-13 14:29:25,0,94,1,1,0.861524
2025-10-13 14:29:25,0,95,1,1,0.851972
2025-10-13 14:29:25,0,96,1,1,0.84835
2025-10-13 14:29:25,0,97,1,1,0.844176
2025-10-13 14:29:25,0,98,1,1,0.855623
2025-10-13 14:29:25,0,99,1,1,0.875163
2025-10-13 14:29:25,0,100,1,1,0.834759
2025-10-13 14:29:25,0,101,1,1,0.794141
2025-10-13 14:29:25,0,102,1,1,0.693651
2025-10-13 14:29:25,0,103,1,1,0.508477
2025-10-13 14:29:25,0,104,1,1,0.685295
2025-10-13 14:29:25,0,105,1,1,0.582334
2025-10-13 14:29:25,0,106,1,1,0.616136
2025-10-13 14:29:25,0,107,1,1,0.58589
2025-10-13 14:29:25,0,108,1,1,0.866527
2025-10-13 14:29:25,0,109,1,1,0.823039
2025-10-13 14:29:25,0,110,1,1,0.745021
2025-10-13 14:29:25,0,111,1,1,0.748926
2025-10-13 14:29:25,0,112,1,1,0.894101
2025-10-13 14:29:25,0,113,1,1,0.85518
2025-10-13 14:29:25,0,114,1,1,0.887213
2025-10-13 14:29:25,0,115,1,1,0.878415
2025-10-13 14:29:25,0,116,1,1,0.864387
2025-10-13 14:29:25,0,117,1,1,0.613636
2025-10-13 14:29:25,0,118,1,1,0.718575
2025-10-13 14:29:25,0,119,1,1,0.667976
2025-10-13 14:29:25,0,120,1,1,0.745956
2025-10-13 14:29:25,0,121,1,1,0.852069
2025-10-13 14:29:25,0,122,1,1,0.843552
